CustomerID;LOAN;MORTDUE;VALUE;REASON;JOB;YOJ;DEROG;DELINQ;CLAGE;NINQ;CLNO;DEBTINC
A0005;1700;97800;112000;HomeImp;Office;3;0;0;93.333333333;0;14;
A0008;1800;28502;43034;HomeImp;Other;11;0;0;88.766029879;0;8;36.884894093
A0017;2200;90957;102600;HomeImp;Mgr;7;2;6;122.9;1;22;
A0019;2300;28192;40150;HomeImp;Other;4.5;0;0;54.6;1;16;
A0025;2400;;17180;HomeImp;Other;;0;0;14.566666667;3;4;
A0026;2400;34863;47471;HomeImp;Mgr;12;0;0;70.491080032;1;21;38.263600731
A0041;3000;;8800;HomeImp;Other;2;0;1;77.766666667;0;3;
A0046;3000;;14100;HomeImp;Other;1;0;0;104.2;0;19;
A0049;3000;58000;71500;HomeImp;Mgr;10;;2;211.93333333;0;25;
A0056;3200;54000;64850;HomeImp;Other;1;0;0;121.86666667;3;21;
A0062;3500;23200;38666;HomeImp;Other;11;0;0;162.36666667;0;14;
A0070;3600;52337;63989;HomeImp;Office;20;0;0;204.27249884;0;20;20.470915508
A0071;3700;17857;21144;HomeImp;Other;5;0;0;129.71732313;1;9;26.634347518
A0073;3800;51180;63459;HomeImp;Office;20;0;0;203.75153358;0;20;20.067042051
A0080;3900;21200;39000;DebtCon;Mgr;4;0;1;86.566666667;2;14;
A0084;4000;26572;31960;HomeImp;Office;11;0;0;117.79510387;0;8;41.286491948
A0094;4000;62000;78000;HomeImp;Other;4;0;0;109.56666667;0;15;
A0101;4100;58500;65000;HomeImp;Other;8;1;2;63.933333333;2;15;
A0105;4200;67700;77000;DebtCon;Sales;4;0;0;128.83333333;0;31;
A0110;4300;68815;79852;HomeImp;Other;6;0;0;105.12070881;0;14;41.806376152
A0112;4400;53969;63869;DebtCon;ProfExe;7;0;3;162.39001067;0;30;23.581079239
A0125;4500;90000;105800;HomeImp;Other;6;2;3;80.1;3;10;
A0126;4700;67913;97205;;Mgr;2;0;0;142.82439151;0;24;35.226997192
A0148;5000;12457;53448;HomeImp;Self;;0;0;207.14348133;0;12;44.107951691
A0158;5000;34200;50830;HomeImp;Other;6;0;0;57;1;9;
A0161;5000;16600;25250;HomeImp;Other;6;0;0;88.7;1;3;
A0163;5000;22700;34225;HomeImp;Other;4;0;0;74.633333333;3;9;
A0165;5000;;74500;HomeImp;Other;19;;;;;;
A0166;5000;;94119;HomeImp;Other;19;;;;;;
A0172;5000;70470;77908;DebtCon;;5;;;;;;
A0180;5000;78893;82600;HomeImp;Mgr;16;0;0;133.9;1;34;
A0181;5000;85165;107940;HomeImp;Mgr;6;5;3;122.76666667;5;28;
A0192;5000;46696;85202;HomeImp;Other;2;1;2;148.34064549;0;14;46.489874001
A0211;5200;67000;77000;HomeImp;Other;9;0;1;119.7;0;25;
A0228;5300;47449;63895;HomeImp;Office;19;0;0;208.16271401;0;20;19.762113701
A0233;5400;45509;57453;DebtCon;Sales;4;0;0;95.6;0;22;
A0240;5400;48152;55760;DebtCon;;6;;0;78.452125766;;16;35.763637997
A0250;5500;93051;115374;HomeImp;ProfExe;6;0;0;187.02051879;1;27;27.646748505
A0252;5500;78059;78179;DebtCon;;5;;;;;;20.679313582
A0257;5500;;66251;HomeImp;Office;1;0;0;43.722336946;0;3;41.452043532
A0262;5600;29648;39907;HomeImp;ProfExe;11;0;0;180.56306914;0;13;21.554949656
A0267;5600;15275;47954;HomeImp;Self;;0;0;204.33524504;0;12;42.397769638
A0268;5700;100934;111496;HomeImp;Office;23;0;0;117.49959288;0;12;38.750562668
A0274;5700;26927;35461;DebtCon;Other;0;1;0;21.799352154;10;6;29.439664242
A0279;5700;77213;92661;DebtCon;Sales;0;0;0;97.133170952;1;16;41.777888631
A0280;5700;62319;82923;HomeImp;Other;4;0;0;117.6739652;0;15;42.464866285
A0285;5700;;64910;;;;;;;;;33.850461221
A0286;5700;;69172;HomeImp;Office;1;0;0;48.853667057;0;3;38.773685963
A0287;5800;;36385;HomeImp;Other;2;0;0;266.55339438;1;25;43.309764541
A0295;5800;46595;58191;HomeImp;Other;5;0;0;80.131746414;0;17;24.140153667
A0299;5900;;51189;HomeImp;;1;0;0;;0;0;12.749180645
A0300;5900;82912;91175;DebtCon;ProfExe;2;;;;;;27.595273523
A0304;5900;106650;;DebtCon;Mgr;1;0;6;250.56666667;4;23;
A0315;6000;22859;32200;DebtCon;Other;4;0;0;83.333333333;3;20;
A0324;6000;14000;61493;HomeImp;Office;23;0;0;321.63333333;1;13;
A0329;6000;79046;103048;HomeImp;Other;0;0;0;181.69653802;0;32;37.289989924
A0331;6000;;43683;HomeImp;Other;;;;;;;21.935498813
A0339;6100;48300;53388;HomeImp;Office;9;;;178.48960216;;19;26.72002818
A0349;6200;60354;87596;HomeImp;ProfExe;5;0;0;210.17306467;2;23;34.054811237
A0353;6200;;80078;;;;;;;;;25.375544161
A0358;6200;75121;96462;DebtCon;ProfExe;0;;;;;;27.167655962
A0362;6200;45564;61956;HomeImp;Other;2;0;;101.16706032;;13;38.675140153
A0374;6300;49498;64296;DebtCon;Mgr;6;;4;111.20651324;1;10;38.577131937
A0381;6400;76577;83200;DebtCon;;5;;;;;;22.055034214
A0383;6400;53476;70157;DebtCon;ProfExe;7;0;3;164.31540986;1;30;21.137981572
A0384;6400;81116;86148;HomeImp;ProfExe;8;0;0;262.17542613;0;11;42.068268179
A0390;6400;39687;51666;HomeImp;Office;9;;;177.59135402;;19;26.1209597
A0394;6400;28041;33438;DebtCon;Other;1;1;0;10.42564285;10;6;29.753700283
A0396;6500;47949;53102;HomeImp;Office;9;;;180.84124987;;19;27.839006664
A0401;6500;33639;37345;HomeImp;ProfExe;11;0;0;191.0756559;0;13;24.227319339
A0402;6500;78741;90599;DebtCon;ProfExe;0;;;;;;29.198860669
A0408;6500;75113;115900;HomeImp;Office;29;0;0;332.73333333;2;38;
A0410;6500;60000;70000;DebtCon;ProfExe;9;0;0;54.766666667;2;24;
A0413;6500;81145;117530;HomeImp;Office;29;0;0;327.20063852;1;38;34.345837692
A0416;6500;58689;72557;DebtCon;Other;0;0;1;94.00805286;2;18;34.898413066
A0417;6600;62380;89742;HomeImp;Office;31;0;0;232.52729073;0;16;26.160494887
A0428;6700;;30544;DebtCon;Other;2;0;0;283.89723134;0;14;24.120451557
A0431;6700;27510;42495;DebtCon;Other;2;0;2;171.52648922;3;27;41.428597508
A0435;6700;48430;64358;HomeImp;Other;0;1;;108.35174747;;13;38.894194746
A0436;6700;29662;36195;HomeImp;Office;1;0;0;112.13708066;1;30;38.52863281
A0438;6700;;20631;HomeImp;Mgr;4;0;0;174.72183413;1;8;62.246451123
A0439;6700;54161;59714;HomeImp;Office;20;0;0;209.20630035;0;20;20.203517707
A0448;6800;31000;42000;DebtCon;Mgr;3.5;1;0;106.26666667;2;26;
A0461;6900;57257;63752;DebtCon;Other;10;2;0;138.23477796;0;22;38.372460882
A0465;6900;;57067;;;;;;;;;14.370985949
A0469;6900;;36191;HomeImp;Other;;;;311.86989931;;12;30.790620774
A0471;7000;73873;111781;DebtCon;Office;0;0;0;231.79991346;0;38;19.273579455
A0472;7000;74795;99149;HomeImp;Other;1;0;1;175.57144277;0;32;34.449664673
A0480;7000;142251;157250;HomeImp;Other;5;0;0;87.833333333;4;21;
A0485;7000;46000;66660;DebtCon;Office;1;0;1;138.23333333;0;9;
A0487;7000;58843;75300;HomeImp;Other;1.5;0;0;103.66666667;0;7;
A0526;7200;43705;50000;DebtCon;Other;9;0;2;235.36666667;6;16;
A0529;7200;;74610;HomeImp;Office;1;0;0;40.182134821;0;3;37.941253769
A0537;7300;60971.32;77375;DebtCon;Other;2;;;;;;
A0543;7300;139348;205981;DebtCon;ProfExe;1;0;0;60.424760757;2;22;36.812290634
A0544;7400;32832;50798;DebtCon;Other;10;0;0;221.3384208;1;31;36.009421486
A0547;7400;;44651;HomeImp;Other;2;0;0;271.91816905;0;25;42.930043097
A0553;7400;;54138;HomeImp;;1;0;0;;0;0;12.219679961
A0556;7400;71576;89068;DebtCon;Sales;0;0;0;94.782230694;0;17;42.803421995
A0560;7500;;51610;HomeImp;ProfExe;4;0;3;158.26666667;2;18;
A0566;7500;44744;60518;DebtCon;;6;;0;79.411229994;;16;34.397441727
A0570;7500;88056;104794;DebtCon;ProfExe;25;0;0;56.750113136;2;14;30.538906969
A0573;7500;;;HomeImp;Other;21;;;158.9;1;21;
A0576;7500;63500;86125;HomeImp;Other;5;0;0;136.1;0;8;
A0579;7500;;40150;HomeImp;Other;5;0;0;;1;0;
A0582;7500;126000;151380;HomeImp;ProfExe;18;0;2;75.666666667;1;13;
A0586;7500;;71799;HomeImp;Mgr;4;0;3;177.5;0;22;
A0609;7700;;67350;;;;;;;;;
A0618;7800;58399;65945;DebtCon;Other;1;0;1;106.63134156;2;18;37.02476444
A0623;7800;45391;61743;DebtCon;Other;12;0;0;105.08759384;0;22;36.70541274
A0632;7900;44682;57285;DebtCon;;7;1;0;110.07185689;1;25;25.409016713
A0635;7900;40827;55757;DebtCon;Other;14;0;0;87.603462439;0;11;31.850563903
A0648;8000;49232;61221;DebtCon;Other;23;0;0;258.19457767;3;29;41.246612634
A0674;8000;49000;60000;DebtCon;Mgr;11;0;0;107.53333333;1;19;
A0679;8000;86804;113000;DebtCon;Other;7;1;3;145.16666667;1;20;
A0683;8000;92487;113947;DebtCon;Other;8;0;3;151.81738872;0;19;26.457524449
A0685;8000;57361;71167;HomeImp;Mgr;2;0;1;130.76703495;0;22;29.381985445
A0688;8000;84730;123455;HomeImp;Other;9;;;;;;40.032649334
A0689;8000;58006;94930;HomeImp;ProfExe;4;0;0;223.20298954;2;24;30.913395837
A0692;8100;78508;200133;HomeImp;Self;14;0;0;9.1;;8;
A0700;8100;54841;71400;DebtCon;Office;6;0;0;89.233333333;2;15;
A0701;8100;66691;82768;DebtCon;;4;0;0;184.19341758;0;15;32.396509487
A0711;8200;39175;55848;HomeImp;Office;10;;;161.66158225;;18;24.200111438
A0730;8200;;49331;HomeImp;Other;9;0;0;305.88808215;2;12;33.718613864
A0731;8200;67489;80145;HomeImp;Other;2;0;0;104.39650664;0;7;36.912310875
A0739;8200;13392;34254;DebtCon;Other;3;0;0;267.91864156;0;11;21.929990488
A0743;8300;41481;50448;HomeImp;Mgr;20;0;1;230.84886345;1;18;35.88829101
A0747;8300;59761;75081;DebtCon;;17;0;0;147.94164245;1;11;31.959227235
A0749;8300;;41438;HomeImp;Other;;;;302.85663286;;12;30.104071436
A0750;8300;178745;251935;DebtCon;Sales;;0;0;130.7309108;0;22;42.358059882
A0755;8300;67839;76502;DebtCon;ProfExe;9;0;0;58.560174005;3;24;38.974293529
A0756;8300;35343;51986;DebtCon;Other;10;0;0;242.81896695;1;31;37.966606016
A0767;8400;62989;76718;HomeImp;Mgr;3;0;2;131.47138261;0;22;29.200400339
A0785;8400;57694;70782;HomeImp;Other;4;0;0;125.71032467;0;34;37.622785545
A0787;8400;102894;117799;HomeImp;Other;9;;;420.09816444;1;49;39.633190088
A0795;8500;30077;42770;DebtCon;Office;0.25;0;0;89.266666667;0;10;
A0804;8500;50569;60940;DebtCon;Mgr;6;0;0;189.94689772;0;22;29.202476735
A0808;8500;53459;62678;DebtCon;Mgr;13;0;0;116.86344909;0;18;30.05290208
A0809;8500;77954;82965;HomeImp;Other;25;0;0;350.7763043;1;46;28.584515556
A0818;8600;;47791;;;;;;;;;14.392536075
A0820;8600;36933;42289;DebtCon;Mgr;4;0;0;100.61642113;2;26;38.436490085
A0821;8600;21000;79000;HomeImp;ProfExe;21;0;0;239.43333333;0;11;
A0825;8600;58846;72733;DebtCon;ProfExe;14;0;0;233.17160046;3;32;39.775087851
A0837;8600;66366;75957;DebtCon;ProfExe;8;0;0;72.916721072;2;25;39.660408739
A0845;8700;53073;83415;DebtCon;;2;0;0;211.26878022;3;29;30.201509456
A0849;8700;30716;84778;HomeImp;ProfExe;19;0;0;219.08523561;0;10;23.808894154
A0855;8700;51950;67475;HomeImp;Other;4.5;0;1;246.46666667;2;16;
A0862;8700;58060;65605;DebtCon;Other;23;0;0;259.6838134;3;29;39.829999465
A0866;8700;56904;64122;DebtCon;Mgr;5;;4;119.55547341;2;11;38.695614603
A0868;8800;12750;;HomeImp;Office;23;;;;;;
A0872;8800;135899;202788;DebtCon;ProfExe;1;0;0;53.767621524;1;23;35.932025066
A0894;8900;60782;100000;HomeImp;ProfExe;14;0;8;129.86666667;0;36;
A0902;9000;50513;61190;DebtCon;Other;5;0;0;75.388551244;1;11;30.498005118
A0903;9000;75453;100646;DebtCon;ProfExe;3;0;0;126.30983495;0;26;33.75846632
A0909;9000;51091;68264;DebtCon;Other;22;0;0;277.7556619;2;29;39.387317549
A0910;9000;93521;126024;HomeImp;Other;9;;;411.75308126;1;49;41.664281039
A0914;9000;52257;58275;DebtCon;Sales;5;0;0;80.251800985;0;21;34.144725947
A0917;9000;84532;104000;DebtCon;ProfExe;3;0;0;50.666666667;1;3;
A0922;9000;50400;65000;DebtCon;Mgr;6;;;117.6;;24;
A0925;9000;29000;51740;;Other;31;0;0;243.2;0;19;
A0932;9000;50866;73064;DebtCon;Mgr;5;;;118.57000497;;23;40.1860615
A0933;9000;12340;36133;;;;;;;;;31.703814722
A0935;9100;;50391;;;;;;;;;15.024705832
A0943;9100;28550;40300;HomeImp;Other;5;0;0;109.53563552;7;33;23.082905342
A0944;9100;24721;34462;DebtCon;Other;1;0;0;28.100520363;9;7;27.520682167
A0958;9200;70715;85000;DebtCon;Office;26;0;0;143.06666667;2;23;
A0973;9300;59617;67709;HomeImp;Other;4;0;1;243.8307278;1;16;35.968280746
A0975;9300;58051;65334;DebtCon;Mgr;6;;;113.2818573;;23;41.860039809
A0976;9300;39307;51680;DebtCon;Office;8;0;0;196.0146349;0;23;30.731571704
A0977;9300;84900;105798;DebtCon;ProfExe;2;0;0;41.807204596;1;3;26.956697896
A0981;9300;44026;70535;HomeImp;Office;12;3;1;245.9;2;29;
A0995;9400;85448;94101;DebtCon;Other;2;0;0;104.11336317;2;32;39.54184797
A0996;9400;56508;78358;DebtCon;;17;0;0;141.93115618;0;11;32.327495049
A1004;9400;122412;178547;DebtCon;Other;7;0;0;226.08880709;0;19;35.463386978
A1006;9400;53756;76077;HomeImp;Office;12;2;0;244.11665292;2;29;33.374570631
A1007;9400;81546;119128;HomeImp;Office;30;0;0;328.17812369;2;38;34.150319383
A1009;9400;71600;99682;DebtCon;Other;16;;;159.03637066;4;16;25.607228233
A1010;9400;77715;101258;DebtCon;Mgr;2;0;0;65.876586717;1;23;38.108000987
A1011;9400;52598;74747;DebtCon;Mgr;6;;;129.34382449;;24;42.265466118
A1012;9400;51505;84178;HomeImp;Other;19;0;0;202.69796289;0;16;35.530613427
A1014;9400;53244;62245;DebtCon;Other;23;0;0;276.78774402;3;28;37.821851509
A1015;9400;77410;116693;DebtCon;Office;0;0;0;245.08365185;0;37;17.176900657
A1028;9500;21900;35250;HomeImp;Mgr;16;0;0;59.866666667;1;10;
A1029;9500;59494;75930;HomeImp;Other;0;0;0;98.99850784;0;6;36.888436373
A1035;9500;;40000;HomeImp;Other;10;0;0;36.5;1;1;
A1042;9600;42357;99756;HomeImp;Office;4;1;4;354.65022495;0;30;36.525172928
A1045;9600;53196;63942;DebtCon;Other;16;0;4;227.56368402;0;36;24.016769941
A1050;9600;50655;59502;DebtCon;Other;0;0;0;93.432844102;0;20;37.982353508
A1060;9700;21883;67432;HomeImp;Office;24;0;0;308.99557574;1;12;41.414280651
A1062;9700;55986;73000;DebtCon;Other;2.5;0;1;207.16666667;2;29;
A1064;9700;5801;58305;HomeImp;Other;8;2;1;352.96666667;1;22;
A1066;9700;53000;56000;DebtCon;Office;2;0;0;75.033333333;5;18;
A1069;9700;44652;63232;DebtCon;Other;9;0;0;102.16551363;0;22;37.034875874
A1070;9700;59633;70398;HomeImp;Other;4;0;0;239.03820584;1;16;38.867248989
A1073;9700;32660;54536;DebtCon;Office;0;0;0;156.4821057;0;13;67.32490355
A1091;9800;53643;113161;DebtCon;ProfExe;5;0;1;230.30325656;0;9;23.773610404
A1092;9800;80267;209931;HomeImp;Self;14;0;0;0.5071145295;;8;19.969628699
A1103;9900;37609;120186;DebtCon;Other;;0;0;176.36783901;3;30;53.178911112
A1106;9900;79379;205346;HomeImp;Self;14;0;0;20.214194867;;7;19.799427915
A1112;9900;111000;134347;DebtCon;ProfExe;16;;1;180.63333333;1;33;
A1124;9900;54961;70609;DebtCon;Mgr;6;;4;105.9346916;2;11;40.70254787
A1132;10000;48300;74600;;Other;14;0;1;179.1;2;31;
A1144;10000;20500;54600;HomeImp;Self;15;0;0;160.33333333;2;11;
A1145;10000;;;HomeImp;Other;;;;;;;
A1157;10000;31000;58240;DebtCon;Mgr;;;;;;;
A1160;10000;59764;77870;DebtCon;Sales;7;0;0;136.9;0;35;
A1163;10000;34767;51000;HomeImp;Other;23;0;1;121.73333333;0;23;
A1167;10000;131589;156000;HomeImp;ProfExe;5;0;1;419.03333333;1;43;
A1180;10000;46946;65000;HomeImp;Office;7.2;0;1;80.1;1;12;
A1181;10000;75000;103600;HomeImp;Mgr;17.6;0;0;171.43333333;0;24;
A1189;10000;42321;53800;DebtCon;Other;4;0;0;275.9;0;19;
A1194;10000;50070;60670;HomeImp;Other;5;2;0;15.233333333;0;1;
A1195;10000;16288;48600;DebtCon;Other;24;0;0;268.83333333;1;16;
A1197;10000;;65088;HomeImp;Mgr;3.5;4;5;205.06666667;2;39;
A1200;10000;91000;110000;DebtCon;Other;16;1;3;123.76666667;2;22;
A1215;10100;32608;47377;HomeImp;Other;9;0;0;67.38706567;0;3;35.690193036
A1231;10100;58446;71145;HomeImp;Other;4;0;1;244.62436764;1;15;38.117306388
A1236;10100;;69451;;;;;;;;;22.519685436
A1243;10200;55539;65357;DebtCon;Mgr;5;0;0;190.94593081;1;17;28.640823727
A1247;10200;52310;74117;DebtCon;Other;13;0;3;118.69578554;2;23;
A1250;10200;71111;80385;DebtCon;Office;4;1;2;170.28188255;2;29;38.62337208
A1254;10200;48670;90444;HomeImp;Other;;1;1;89.355474878;;7;39.15104729
A1267;10200;;64377;HomeImp;Other;;0;0;347.24501311;0;6;37.774681559
A1272;10300;79243;89840;DebtCon;Office;16;0;0;87.825346176;0;9;24.479373218
A1279;10300;74624;96697;DebtCon;Office;7;0;0;217.23532123;3;28;41.511300788
A1286;10300;65876;80064;DebtCon;;3;0;0;220.82597888;0;15;30.633131002
A1287;10300;57902;74355;HomeImp;Other;4;0;0;243.6309162;1;16;36.574441888
A1302;10400;39821;54040;HomeImp;Mgr;21;1;0;231.60541135;1;18;36.439736731
A1303;10400;78320;100017;DebtCon;Other;10;0;0;167.42253971;4;21;41.974878281
A1308;10500;60145;63268;HomeImp;Other;4;0;0;122.49607792;0;34;36.736870753
A1314;10500;26000;39000;DebtCon;Other;9;;1;152.23333333;7;29;
A1316;10500;53537;66674;DebtCon;Office;4;0;0;83.503094799;2;11;37.098413449
A1322;10500;74000;89000;DebtCon;Mgr;6;0;0;138.03333333;2;27;
A1323;10500;41500;56247;DebtCon;Other;8;0;1;70.033333333;2;24;
A1347;10600;82365;100272;DebtCon;ProfExe;3;1;0;122.48359427;0;26;33.651646949
A1355;10600;43676;61576;DebtCon;Other;6;0;0;84.839126053;1;10;30.868137501
A1363;10600;27666;56218;HomeImp;Other;3;0;0;249.85118993;0;10;39.528326336
A1364;10600;64546;84576;DebtCon;Other;0;;;173.62528427;;35;28.971803768
A1366;10600;56352;75277;DebtCon;Office;5;0;0;98.377278192;2;15;26.242394307
A1367;10600;72022;82238;DebtCon;Office;5;1;2;181.76894044;3;30;39.594148271
A1369;10700;85198;107044;HomeImp;ProfExe;0;0;0;66.758325469;0;19;36.846466819
A1376;10700;55043;68609;DebtCon;Other;2;0;0;46.272175955;1;17;25.448844532
A1379;10700;49573;68125;DebtCon;Other;2;0;0;223.2;0;10;
A1391;10700;29569;47842;DebtCon;Other;12;;1;144.81717461;7;28;36.784582009
A1392;10800;199000;226000;HomeImp;ProfExe;11;0;0;236.36666667;0;22;
A1394;10800;98568;121994;;Office;15;0;0;270.26516526;0;16;33.658292221
A1398;10800;70214;83882;DebtCon;Office;4;1;2;172.79930087;3;30;38.588823585
A1402;10800;31149;67239;DebtCon;Mgr;;;;;;;35.265437376
A1406;10800;;;;;;;;;;;
A1410;10800;67740;108135;DebtCon;Office;11;0;0;163.27383179;1;12;38.383498378
A1411;10800;194485;228670;HomeImp;ProfExe;1;0;0;75.458150356;;4;28.370130884
A1417;10800;;49495;HomeImp;Mgr;5;;;141.16529822;;8;21.079998939
A1418;10800;83441;92148;DebtCon;Mgr;5;0;0;119.14584404;1;26;40.978635322
A1420;10800;67171;82138;HomeImp;Other;2;0;0;89.124526305;0;6;38.8031464
A1423;10800;42191;57224;DebtCon;Other;15;0;0;68.810826166;0;11;30.518229752
A1431;10900;;66691;HomeImp;Other;;0;0;349.75236213;0;7;34.34334852
A1433;10900;56793;68825;DebtCon;Other;3;0;0;225.88904146;0;9;34.727875189
A1435;10900;51990;76918;HomeImp;Other;0;0;1;180.81810233;0;12;29.555406533
A1442;11000;52602;61496;DebtCon;Other;13;0;0;107.34006616;0;22;37.699108592
A1446;11000;77929;102942;HomeImp;ProfExe;8;0;0;173.8298837;0;34;33.897772554
A1458;11000;15129;29375;DebtCon;Office;6;0;1;102.43333333;0;17;
A1461;11000;102000;120000;DebtCon;;3;0;0;125.8;1;26;
A1462;11000;63847;86500;HomeImp;Office;26;0;0;170.43333333;2;14;
A1468;11000;41000;63450;HomeImp;Other;2.9;;;;;;
A1473;11000;54641;65705;DebtCon;Other;5;0;0;323.19292763;0;10;33.299628394
A1478;11000;50178;64427;DebtCon;Other;5;0;0;67.636289053;1;11;28.689928357
A1479;11000;77723;107245;HomeImp;ProfExe;5;0;0;115.55852962;0;26;26.91192966
A1480;11000;46093;60563;DebtCon;Mgr;4;0;0;190.48216428;1;21;29.578148133
A1485;11000;;56851;HomeImp;Other;10;0;0;308.43564919;2;13;31.075616581
A1487;11100;47689;52910;HomeImp;Mgr;21;1;1;224.48075013;1;18;34.947076581
A1503;11100;105226;122901;DebtCon;;3;0;0;113.68878037;1;26;33.896642978
A1519;11200;93649;113833;DebtCon;Other;13;0;0;205.11724572;3;16;39.126130259
A1523;11200;68890;84059;DebtCon;Office;12;0;0;254.01968935;3;36;41.433943797
A1525;11200;114000;139200;DebtCon;Mgr;5;0;0;213.56666667;1;36;
A1536;11300;64437;79857;DebtCon;Office;5;0;0;88.789155967;2;14;27.899267889
A1541;11300;46120;52911;HomeImp;Mgr;19;0;0;229.44157776;1;17;36.334814357
A1543;11300;129489;195105;HomeImp;Office;0;0;1;356.31348584;0;16;41.634017956
A1544;11300;54984;63958;DebtCon;Mgr;4;0;0;190.92092996;1;16;28.086854837
A1557;11300;74783;100909;HomeImp;ProfExe;5;0;0;85.664833722;0;34;35.947854706
A1558;11400;;29374;HomeImp;Office;20;0;0;207.93025578;1;15;38.955124742
A1559;11400;;38246;HomeImp;Other;;;0;88.886975341;0;10;37.658388771
A1560;11400;75705;90727;DebtCon;Mgr;5;0;0;143.10103259;2;27;42.169926729
A1566;11400;56789;74016;HomeImp;Other;7;0;0;127.62547457;0;16;33.027143557
A1570;11400;28043;87684;HomeImp;ProfExe;20;1;1;229.17795924;0;10;25.489994512
A1573;11400;84278;200480;HomeImp;Self;14;0;0;4.4127700608;;8;19.112485067
A1576;11400;52068;80643;HomeImp;Other;2;0;2;199.08772113;0;13;29.462134076
A1593;11500;29281;37717;HomeImp;Mgr;15;0;0;61.915444655;0;9;30.702428546
A1596;11500;59781;69864;DebtCon;Other;4;0;1;312.54739604;0;9;31.181801354
A1608;11600;45917;60000;DebtCon;Other;10;0;1;304.36666667;3;27;
A1611;11600;36357;56514;;Other;31;0;0;237.81896639;0;19;20.181582401
A1613;11600;64510;71105;DebtCon;ProfExe;5;0;0;150.26333198;1;34;43.239187116
A1617;11600;;36474;HomeImp;Other;;;1;93.727138031;0;10;37.202953562
A1619;11700;;67940;HomeImp;Mgr;3;3;4;204.02559324;1;38;
A1625;11700;52650;63646;DebtCon;Other;0;1;0;194.76099992;1;13;27.610844064
A1629;11700;84863;91737;DebtCon;Other;0;4;0;;0;4;30.330811492
A1636;11700;74783;86227;DebtCon;Mgr;7;0;0;116.75680052;0;23;28.019227084
A1644;11700;96532;107600;DebtCon;Other;12;0;0;214.86981675;2;15;40.287411441
A1646;11800;74512;93328;HomeImp;Office;4;5;0;117.91881998;;16;58.295989944
A1647;11800;118053;125325;DebtCon;Self;5;0;0;181.17206513;0;18;33.200397325
A1657;11800;86785;125552;DebtCon;Office;11;0;0;148.17649241;1;22;37.884449327
A1665;11800;112146;140781;DebtCon;ProfExe;14;;0;170.70050749;0;32;29.942492402
A1669;11900;56443;86913;DebtCon;Office;12;0;0;119.85940967;0;24;38.861656969
A1670;11900;85486;109386;HomeImp;ProfExe;11;0;1;175.54256546;0;28;33.670908179
A1677;11900;28329;80963;HomeImp;ProfExe;21;0;0;239.45711772;0;10;24.534997192
A1678;11900;117550;144178;DebtCon;ProfExe;15;;1;170.9458328;1;32;29.099981214
A1689;11900;78959;104371;DebtCon;Mgr;1;0;0;79.081397224;1;23;40.02421108
A1691;11900;114329;143915;DebtCon;ProfExe;15;;1;185.57266828;0;32;28.977738657
A1705;12000;50581;70171;HomeImp;Other;;0;2;206.3192338;1;12;29.843136669
A1718;12000;46000;60200;DebtCon;Other;4;0;0;176.5;0;14;
A1726;12000;94000;112125;HomeImp;Office;2;0;0;143.03333333;1;22;
A1727;12000;72000;106000;DebtCon;Other;6;0;0;78.066666667;2;14;
A1739;12000;;;HomeImp;Other;19;0;8;195.83333333;0;13;
A1741;12000;36000;51900;DebtCon;Other;0.1;0;0;247.5;1;10;
A1754;12000;36072;62960;DebtCon;ProfExe;8;0;0;288.5298732;0;16;22.423002459
A1757;12000;88210;114224;DebtCon;ProfExe;8;0;0;203.46897898;1;36;41.572971522
A1761;12000;48189;53969;DebtCon;Other;5;0;0;276.38174269;0;18;65.495243152
A1762;12000;98428;114820;DebtCon;Other;16;0;1;188.14820819;2;15;36.737721285
A1770;12100;29097;72647;DebtCon;Other;8;;;109.51487945;1;22;45.304760569
A1777;12100;12000;33938;DebtCon;Mgr;9;0;0;118.76666667;0;11;
A1780;12100;67927;94126;DebtCon;Other;2;0;0;35.53887812;2;3;38.847597081
A1788;12100;71060;79744;DebtCon;Other;3;;;179.86634886;;35;29.89415099
A1810;12200;57112;76050;DebtCon;Other;1;0;0;235.22926877;0;9;35.113185331
A1818;12300;152107;179793;DebtCon;ProfExe;7;;1;212.78299558;3;25;43.134095051
A1822;12300;69499;104045;DebtCon;Other;8;0;0;219.09048911;0;20;18.58475695
A1823;12300;60200;77079;HomeImp;Office;13;0;0;242.24413818;1;32;45.394168545
A1828;12300;77000;94000;DebtCon;Mgr;41;;4;212.86666667;4;17;
A1833;12300;90006;121122;DebtCon;Office;9;0;0;133.49754075;1;21;36.91048167
A1837;12300;50441;56656;DebtCon;Office;1;0;0;186.45101665;0;21;35.452607421
A1841;12300;92573;119325;DebtCon;ProfExe;2;1;2;157.6206429;0;33;34.775102513
A1844;12300;68024;78800;DebtCon;Sales;7;0;0;125.50405141;0;35;29.293344354
A1853;12400;16375;36672;DebtCon;Mgr;8;0;0;120.67492799;0;11;24.089437148
A1865;12400;24769;87665;HomeImp;ProfExe;21;0;0;238.38276937;0;11;25.332201314
A1868;12500;37562;57081;HomeImp;Other;22;0;1;129.48684395;0;23;39.083002442
A1880;12500;41301;60000;DebtCon;Other;2;0;0;77.233333333;0;12;
A1884;12500;53060;67500;DebtCon;Office;16;0;5;183.63333333;0;15;
A1897;12500;56791;72974;HomeImp;Other;29;0;3;182.0664052;0;24;35.691622815
A1901;12600;80612;93802;DebtCon;Mgr;5;0;0;141.61314558;2;26;40.74903888
A1907;12600;125688;198602;HomeImp;Office;0;0;1;344.7479335;0;16;39.483820073
A1908;12600;86785;110400;DebtCon;Other;0.7;1;;89.066666667;2;27;
A1916;12600;55415;74307;HomeImp;Other;29;1;2;198.8467209;0;23;36.837741045
A1921;12600;37699;59874;HomeImp;Other;22;0;0;114.23595157;0;23;38.682676037
A1922;12600;76002;94236;DebtCon;Other;11;0;0;164.76230423;5;21;39.52570494
A1935;12700;27459;38577;HomeImp;Mgr;16;0;0;72.329572042;0;9;31.605665455
A1942;12700;72164;104220;DebtCon;Office;10;0;0;165.4307821;0;13;37.539963363
A1944;12700;9038;65969;HomeImp;Other;7;1;1;346.58010279;0;22;13.347212679
A1952;12800;66293;92423;HomeImp;Office;27;0;0;169.72388834;1;14;41.232162564
A1956;12800;56516;78392;HomeImp;Other;0;0;1;195.72332191;0;13;27.337441385
A1957;12800;40932;72172;DebtCon;Other;20;0;0;162.04401039;0;16;37.51836575
A1960;12800;;;;;;;;;;;25.132448542
A1971;12800;11986;48309;HomeImp;Office;23;0;0;265.2270609;0;20;28.493861936
A1980;12800;79151;110583;DebtCon;Other;4;0;0;79.371384496;1;13;33.586691632
A1985;12900;94000;;DebtCon;Office;8;0;1;205.93333333;0;19;
A1988;12900;39401;53758;HomeImp;Other;22;0;0;118.64637517;0;23;38.689440621
A1995;12900;92734;114285;HomeImp;Mgr;11;0;0;236.05277279;0;24;28.663416808
A1997;12900;90646;100744;HomeImp;Other;19;0;0;141.20846058;3;23;31.526379711
A2003;12900;31498;42695;HomeImp;Mgr;14;0;0;55.021588949;0;9;31.992753482
A2004;12900;149297;177044;HomeImp;Office;4;0;0;205.8739212;0;56;34.975734174
A2018;13000;64499;86000;HomeImp;Other;1;0;0;109.4;0;19;
A2025;13000;72931;96803;DebtCon;Other;6;0;0;208.67289177;2;18;41.052235012
A2029;13000;39386;53149;DebtCon;Other;4;0;0;110.4779566;1;16;38.521759005
A2035;13000;88614;116994;HomeImp;ProfExe;13;0;2;188.8241991;0;28;32.619501636
A2038;13000;70000;90704;DebtCon;Other;15;0;3;142.16666667;0;37;
A2042;13000;59000;83187;HomeImp;Other;;0;0;292.1;0;20;
A2044;13000;;25425;DebtCon;Other;13;;;90.933333333;2;9;
A2049;13000;43744;60000;DebtCon;Self;22;0;1;21.266666667;1;15;
A2050;13000;94941;120000;DebtCon;ProfExe;0.1;0;0;132.86666667;0;21;
A2066;13000;80277;106799;DebtCon;Other;3;0;0;67.111665924;2;14;37.297772993
A2068;13100;48153;70059;DebtCon;Other;11;0;0;242.6505336;0;18;30.893118223
A2070;13100;74832;98616;HomeImp;ProfExe;6;0;0;101.36228964;1;26;27.021480654
A2072;13100;69259;75149;DebtCon;Office;11;0;0;240.41029194;3;37;40.735604411
A2094;13200;15346;30809;DebtCon;Office;7;0;1;89.652536093;0;16;18.105282019
A2103;13200;59422;88308;HomeImp;Other;;0;0;294.78208459;0;19;29.952554463
A2114;13300;;72583;;;1;0;0;;0;0;3.7204214203
A2115;13300;35000;44195;HomeImp;Other;8;0;0;91.923528914;0;4;35.243120856
A2117;13300;57878;69907;DebtCon;ProfExe;1;0;0;154.48481378;2;35;41.119153488
A2123;13300;86360;116111;HomeImp;Mgr;8;0;0;232.29213861;0;24;32.012701356
A2124;13300;85532;115800;HomeImp;ProfExe;11;0;1;175.1914887;0;27;34.231393529
A2126;13300;74609;115056;DebtCon;Other;6;0;0;77.445106295;2;14;36.869212637
A2133;13300;44952;56394;DebtCon;Other;;0;0;74.435993325;0;14;41.060320697
A2136;13400;131524;148356;DebtCon;Other;4;1;0;110.74174156;2;29;48.340234737
A2137;13400;156455;180313;DebtCon;ProfExe;6;;1;210.71825612;4;25;40.247372799
A2140;13400;102700;121216;DebtCon;;3;0;0;124.56401792;1;25;34.95327869
A2143;13400;98701;129679;HomeImp;ProfExe;10;0;0;179.127926;2;32;29.549283511
A2146;13400;51225;69361;DebtCon;Other;0;0;0;261.18963685;0;21;28.953067713
A2160;13500;59941;69336;HomeImp;Other;29;1;2;182.69566963;1;24;35.51267298
A2169;13500;91734;114906;DebtCon;Other;12;0;0;211.87694515;3;15;38.104208119
A2170;13500;82036;104261;HomeImp;ProfExe;4;0;1;98.417753249;0;33;39.294102796
A2171;13500;109258;126101;DebtCon;;2;0;0;130.77656998;1;25;33.539887477
A2174;13500;47900;135500;DebtCon;Other;2;0;0;276.06666667;5;43;
A2175;13500;42000;62800;DebtCon;ProfExe;6;0;0;153.16666667;2;12;
A2181;13500;116123;145597;DebtCon;ProfExe;3;0;0;290.31077491;0;46;34.69906743
A2187;13500;117321;138746;DebtCon;ProfExe;14;;1;183.26200947;0;33;31.486796668
A2189;13600;66754;80156;DebtCon;Other;5;0;0;238.62182004;3;26;31.552706969
A2209;13600;159591;182585;DebtCon;ProfExe;7;;1;199.69861743;3;25;42.319518305
A2220;13700;74147;92427;DebtCon;Other;7;0;3;181.30579978;0;33;39.272466343
A2228;13700;58788;87260;DebtCon;Office;14;0;0;103.69281836;0;24;36.665318539
A2230;13700;64486;84759;DebtCon;Office;4;2;3;182.18025649;3;29;37.073413461
A2231;13700;86161;106737;HomeImp;Other;22;0;0;135.33270363;4;23;29.409524029
A2251;13800;77130;127000;DebtCon;ProfExe;15;0;0;296.33333333;0;19;
A2252;13800;35807;40700;DebtCon;Other;1;0;0;91.266666667;1;17;
A2259;13800;85969;101664;HomeImp;ProfExe;0;0;0;68.583689736;0;19;36.839422636
A2262;13800;152441;184723;DebtCon;ProfExe;6;;0;217.24212905;3;25;40.827344633
A2265;13800;97778;116814;DebtCon;Other;15;1;3;120.78139621;1;22;23.20471329
A2270;13900;11413;81273;DebtCon;Other;7;0;0;239.08369595;0;14;19.626149514
A2284;13900;144263;167164;DebtCon;ProfExe;8;2;6;111.58860329;5;38;91.612599977
A2287;13900;51653;85578;DebtCon;Other;13;0;0;90.273079432;0;7;41.693377223
A2288;13900;80836;93912;DebtCon;Other;5;2;0;69.268409144;0;20;23.916346606
A2289;13900;127259;194233;HomeImp;Office;1;0;1;341.64350174;0;16;40.107659088
A2304;14000;;;;;;;;;;;25.689710943
A2308;14000;83645;101615;HomeImp;ProfExe;5;0;0;116.33768431;0;26;28.296734839
A2309;14000;67881;93390;DebtCon;;;;;;;;
A2310;14000;;42500;DebtCon;Other;;;;;;;
A2318;14000;65000;;;Other;23;0;3;109.56666667;1;15;
A2331;14100;79345;135554;DebtCon;ProfExe;15;0;0;301.56399129;0;19;29.17813328
A2333;14100;52302;63589;HomeImp;ProfExe;6;0;0;130.34246718;4;8;34.792831648
A2335;14100;54081;68577;DebtCon;Other;8;0;0;237.68227828;0;17;33.089017513
A2345;14200;84718;103804;HomeImp;Other;21;0;0;123.66357507;4;23;30.635348147
A2347;14200;;31671;DebtCon;Other;13;;;82.99126514;2;8;33.215104024
A2350;14200;68750;88627;DebtCon;Other;10;0;1;219.67280084;0;32;34.639961398
A2355;14200;;49060;DebtCon;Other;;;;;;;24.701641997
A2375;14300;85478;113372;DebtCon;ProfExe;9;0;0;190.75304367;1;36;40.778142317
A2381;14300;52608;76936;DebtCon;Other;0;0;0;217.27719188;0;9;34.095384038
A2390;14400;32683;48467;HomeImp;Other;11;0;0;114.41203294;0;10;21.46972396
A2393;14400;78965;90729;DebtCon;Mgr;4;0;0;132.6602719;2;26;39.686959105
A2402;14400;100487;118911;DebtCon;Other;11;0;0;179.34102702;0;27;35.852863711
A2407;14500;;30625;DebtCon;Other;11;;;89.856577087;2;9;33.474513805
A2438;14600;51613;77912;DebtCon;Office;0;0;0;182.88257536;0;25;32.224452406
A2439;14600;86199;95034;HomeImp;Office;;0;0;164.29505001;1;25;41.546002515
A2445;14700;30306;44195;HomeImp;Other;9;0;1;87.431226279;2;12;29.404935156
A2454;14700;94672;;;Other;14;0;1;67.038031911;0;11;40.317434429
A2456;14700;27235;39102;HomeImp;Other;8;0;0;71.420815089;2;11;29.151698162
A2458;14700;33150;46053;HomeImp;Other;8;0;0;76.914717556;2;11;30.69643481
A2462;14700;76931;94245;DebtCon;Other;5;3;0;78.687519875;0;21;25.430314939
A2464;14700;82967;114835;;;;;;;;;34.478073974
A2465;14700;90662;111778;DebtCon;ProfExe;1;1;1;148.42324633;0;33;31.770101546
A2471;14800;53738;66258;DebtCon;Other;7;0;0;240.86344144;0;17;34.532496085
A2488;14800;73887;109451;DebtCon;Other;6;0;0;81.314818639;2;13;33.981408348
A2495;14900;45701;78186;DebtCon;Mgr;5;0;0;125.03135342;1;8;26.343855653
A2506;14900;87391;99494;HomeImp;Other;18;0;0;134.85999691;4;23;29.535058556
A2508;14900;49849;70075;DebtCon;Office;0;0;0;153.69186903;0;25;30.900915596
A2509;14900;97930;113886;DebtCon;Office;3;0;0;267.8272583;0;33;28.420293345
A2517;14900;36120;57095;DebtCon;ProfExe;4;0;0;239.02367545;1;35;38.171623527
A2518;15000;;54869;DebtCon;Office;8;;;;;;
A2526;15000;4734;55500;HomeImp;Other;24;2;0;14.6;1;1;
A2535;15000;83000;114000;DebtCon;ProfExe;18;0;0;207.23333333;0;27;
A2536;15000;40772;62025;HomeImp;Other;;0;1;120.6;2;19;
A2540;15000;;;DebtCon;;0;2;1;91.266666667;1;10;
A2547;15000;18500;19000;DebtCon;Other;2;0;1;20.166666667;0;2;
A2549;15000;71269;97500;DebtCon;Other;9;0;0;118.16666667;1;19;
A2551;15000;;74750;DebtCon;;;;;;;;
A2560;15000;73335;99400;DebtCon;ProfExe;0.5;0;0;273.93333333;2;21;
A2570;15000;102988;130000;DebtCon;Other;1.3;0;0;289.16666667;0;47;
A2575;15000;92000;154000;DebtCon;Mgr;1;0;0;207.96666667;1;19;
A2583;15000;62674;76950;HomeImp;Mgr;8;1;5;249.53333333;0;31;
A2584;15000;;50000;HomeImp;Other;0;3;4;206.96666667;1;45;
A2586;15000;109000;155000;DebtCon;Office;0;3;2;105.5;1;28;
A2591;15000;6124;35000;HomeImp;Other;1.5;1;0;91.266666667;0;5;
A2601;15000;55300;81000;DebtCon;Other;5.3;8;0;259.73333333;4;30;
A2602;15000;166000;182175;DebtCon;;3.5;4;0;74.066666667;2;14;
A2609;15000;125000;177100;HomeImp;ProfExe;10;3;1;221.16666667;0;14;
A2618;15000;;68020;;;1;0;0;;0;0;1.920694367
A2619;15000;27954;79333;HomeImp;Other;;0;0;256.0038054;1;49;42.581948931
A2623;15100;140193;176342;DebtCon;Mgr;11;0;0;248.18841905;0;20;30.080158196
A2625;15100;45351;65481;DebtCon;Other;4;0;0;91.715292521;9;18;39.070153046
A2630;15100;68043;80686;DebtCon;Office;4;0;0;119.67249086;1;20;21.418227456
A2634;15100;;65961;;;0;0;0;;0;0;1.6035079777
A2639;15100;44959;68483;DebtCon;Mgr;27;1;0;279.94798859;1;17;37.180947854
A2641;15100;45579;54065;DebtCon;Other;;0;0;79.757390313;0;15;41.447331871
A2649;15200;58000;77000;DebtCon;Other;0.9;1;0;127.86666667;3;26;
A2652;15200;59544;86360;HomeImp;ProfExe;5;0;0;120.13670832;0;12;27.616333832
A2653;15200;87116;105971;HomeImp;Other;21;0;0;147.94667979;4;24;27.961550213
A2654;15200;47453;73068;DebtCon;ProfExe;20;0;0;196.69969558;0;16;22.383856558
A2655;15200;137128;184660;DebtCon;Mgr;11;0;0;254.35602009;0;21;28.815035637
A2656;15200;102925;114520;HomeImp;Office;3;0;0;137.38937273;0;22;36.44647661
A2659;15200;69320;89644;DebtCon;Other;11;0;0;91.743482377;2;11;31.114929746
A2685;15300;14695;48095;DebtCon;ProfExe;1;0;0;301.65766575;0;16;19.012446366
A2686;15300;83039;99630;DebtCon;ProfExe;8;1;2;354.46029943;;42;38.265951013
A2700;15300;88251;103063;HomeImp;Other;18;0;0;127.56618833;3;23;28.171777473
A2702;15300;109767;117552;DebtCon;ProfExe;0;0;0;125.9425923;0;30;37.68939304
A2703;15300;54412;95123;DebtCon;ProfExe;6;0;0;134.24264794;2;22;35.085720684
A2704;15300;53736;102094;HomeImp;Other;0;0;2;33.449694439;1;10;40.104809597
A2709;15300;78375;108175;HomeImp;Other;6;1;0;82.104836481;0;20;22.50324916
A2714;15400;100848;129454;HomeImp;ProfExe;10;0;0;174.89651925;2;31;28.065590866
A2717;15400;10074;57135;DebtCon;ProfExe;4;0;0;310.36675681;0;16;17.601206169
A2721;15400;63456;96794;DebtCon;ProfExe;3;0;0;85.529362471;0;28;37.362645
A2723;15400;104451;119195;DebtCon;Office;5;0;0;264.76165219;0;34;29.963272776
A2728;15400;47749;74451;DebtCon;Mgr;3;0;0;133.89931229;1;8;27.922034782
A2738;15500;56206;137388;DebtCon;Other;2;0;0;275.52354642;4;42;39.744298707
A2744;15500;25448;39188;;Office;3;0;0;215.59249909;0;16;38.975114989
A2752;15500;48100;67000;DebtCon;Other;15;;;;;;
A2754;15500;38900;60500;DebtCon;Other;8;7;4;95.9;2;53;
A2771;15600;27599;47615;HomeImp;Other;10;0;0;90.327628204;1;12;29.674749569
A2779;15600;63500;80000;DebtCon;Sales;0.2;3;0;104.56666667;2;20;
A2790;15700;75764;97122;DebtCon;Other;5;2;0;70.72519735;0;21;24.431789613
A2793;15700;48093;65686;DebtCon;ProfExe;3;0;0;149.90637879;1;12;30.486361232
A2797;15700;95128;122248;DebtCon;Other;10;0;0;171.02178171;0;27;36.332600416
A2801;15700;60316;80000;DebtCon;Mgr;0.2;1;0;85.2;1;23;
A2802;15700;83761;125860;HomeImp;Other;1;0;0;;0;0;
A2809;15700;40314;60640;HomeImp;Other;25;0;0;255.52746026;0;13;22.540680116
A2814;15700;83830;122719;;;;;;;;;35.165146151
A2819;15800;25344;79736;HomeImp;Other;;0;0;249.9837678;0;50;42.435562666
A2821;15800;89765;111792;DebtCon;ProfExe;1;0;2;143.35553116;1;34;33.058835116
A2826;15800;51163;157644;DebtCon;ProfExe;19;0;0;239.22478943;0;28;20.747520522
A2830;15800;24939;39285;;Office;2;0;0;209.03744147;0;16;38.888128371
A2832;15800;102552;138171;HomeImp;ProfExe;13;0;0;116.76318442;4;21;35.113150487
A2833;15800;58388;100944;HomeImp;Other;0;0;3;51.525147534;1;10;39.862520135
A2836;15800;94363;128434;DebtCon;Mgr;4;;;241.73612588;2;42;39.221891679
A2844;15900;95120;114674;DebtCon;Office;4;0;1;278.89205929;0;34;28.232296781
A2845;15900;46731;71521;DebtCon;ProfExe;18;0;0;192.14423547;0;22;40.361769906
A2848;15900;52012;105877;HomeImp;Other;0;0;2;50.53156169;1;10;40.392256543
A2849;15900;50715;70467;DebtCon;Other;0;;1;285.38692871;0;10;36.050382369
A2851;15900;94108;113888;HomeImp;Office;2;0;0;140.51005382;0;21;36.318788182
A2852;15900;38514;50309;DebtCon;Other;6;1;0;101.82614234;1;16;38.877808385
A2853;15900;79660;96393;DebtCon;Other;4;2;0;84.205779001;1;21;22.113193096
A2854;15900;102564;120724;DebtCon;ProfExe;0;0;0;125.83407016;0;30;37.993775785
A2856;15900;101412;119751;DebtCon;Other;9;0;0;299.95309804;2;18;30.1768704
A2860;15900;69548;89775;DebtCon;Other;1;0;0;230.67308026;2;25;30.108317431
A2866;15900;68304;92271;DebtCon;Other;1;1;2;113.22840343;2;25;32.881846931
A2872;15900;19639;171350;HomeImp;Self;8;0;0;311.31036041;0;26;26.876729861
A2894;16000;69322;106189;HomeImp;ProfExe;2;1;1;238.4;0;31;
A2900;16000;;33382;DebtCon;Other;13;;;84.93118132;1;9;33.720783378
A2905;16000;77067;94613;DebtCon;Other;5;0;0;207.4133904;3;18;41.058989067
A2920;16100;99844;114647;DebtCon;Other;11;0;0;169.983556;0;27;33.523278536
A2923;16100;63152;85097;DebtCon;Office;5;0;0;102.40089779;1;20;24.175532914
A2929;16100;41379;57862;DebtCon;Other;17;0;0;282.00628942;0;21;30.708487401
A2937;16100;68905;91572;DebtCon;Office;3;0;0;165.45712458;0;25;24.920119989
A2941;16200;62258;92595;DebtCon;Office;2;0;0;177.85421954;0;25;22.21960047
A2949;16200;83448;135447;DebtCon;Mgr;17;0;5;129.78013164;9;19;45.554415483
A2951;16200;95465;114758;DebtCon;Other;7;0;0;298.46443532;2;19;32.622560102
A2958;16200;105502;117705;DebtCon;Other;0;0;0;125.24258861;2;21;38.810661707
A2964;16300;22352;165315;HomeImp;Self;9;0;0;304.3346951;0;27;27.56242667
A2972;16300;43500;69875;DebtCon;ProfExe;5;0;0;245.53333333;3;32;
A2989;16400;54818;74447;DebtCon;Office;3;2;3;208.08886428;1;50;41.95642972
A2994;16400;57651;76854;DebtCon;Office;1;0;0;172.2000922;0;25;31.819622172
A2996;16400;81700;109025;DebtCon;ProfExe;10;0;0;155.26666667;3;19;
A2999;16400;107669;115881;DebtCon;Other;0;0;0;136.81211951;1;21;39.699961675
A3001;16400;58664;89589;DebtCon;Office;27;0;0;211.44110206;0;21;34.256364885
A3002;16400;71906;86144;DebtCon;Office;2;0;0;126.17015231;1;20;23.698007625
A3013;16500;44110;65748;DebtCon;Other;7;0;0;99.193552575;3;14;41.415631251
A3017;16500;97010;128101;DebtCon;Mgr;9;;;250.68186198;2;41;36.933331164
A3019;16500;92900;116000;DebtCon;Mgr;10;1;;83.166666667;1;27;
A3034;16500;52030;158296;DebtCon;ProfExe;20;0;0;218.53926573;0;27;22.484791751
A3043;16500;;29168;DebtCon;Other;11;;;102.1303682;2;8;31.566885272
A3044;16500;45441;76145;DebtCon;Mgr;4;0;0;124.03338316;1;8;28.173450676
A3048;16600;95860;123546;DebtCon;Office;0;;2;252.75748794;1;29;40.608567483
A3052;16600;102543;119493;DebtCon;Office;3;0;0;276.69318517;0;33;29.284071859
A3057;16600;;50732;DebtCon;Office;0;0;0;96.362894746;2;9;42.399139279
A3066;16700;64862;107919;HomeImp;ProfExe;10;0;0;260.15854779;0;11;36.824339033
A3080;16700;29404;45209;DebtCon;ProfExe;20;0;1;195.55232961;2;16;31.058084364
A3087;16800;44983;65000;DebtCon;Sales;4;2;1;77.033333333;6;43;
A3091;16800;50050;140222;DebtCon;Other;4;0;0;272.49983533;5;43;40.033378243
A3094;16800;16204;27781;HomeImp;Other;1;10;0;190.57709682;0;9;27.146885648
A3106;16800;144756;183810;DebtCon;Mgr;11;0;0;243.54225494;0;20;26.733982835
A3111;16900;30856;56961;HomeImp;Other;11;0;0;116.81770737;1;10;20.344582168
A3112;16900;71672;96677;DebtCon;Other;1;0;0;153.79169482;0;30;35.327836168
A3114;16900;31143;75125;HomeImp;Other;;1;0;237.17904542;0;49;42.132280565
A3131;17000;;;HomeImp;;1;0;0;111.23501181;0;21;31.362872385
A3132;17000;70039;100993;HomeImp;ProfExe;7;0;0;261.91131698;1;11;36.56433032
A3135;17000;83248;95886;DebtCon;ProfExe;8;0;2;349.43007938;;41;36.05994724
A3137;17000;125728;159770;DebtCon;Mgr;;0;0;228.42238215;0;18;37.008373781
A3139;17000;134689;158661;DebtCon;Mgr;;0;0;227.39546465;0;19;36.425571756
A3146;17000;6778;60065;DebtCon;Sales;0;0;0;326.51841443;0;5;38.836601841
A3147;17000;26228;60979;HomeImp;ProfExe;7;0;0;188.24761053;0;13;29.628676491
A3151;17000;60483;85015;HomeImp;ProfExe;4;0;0;116.52526509;0;12;27.29874318
A3158;17000;12613;85000;DebtCon;Other;21;0;0;226.36666667;3;41;
A3161;17000;74910;112375;DebtCon;Office;41;0;0;95.2;3;28;
A3162;17000;87600;110000;DebtCon;Other;0.4;6;0;180.56666667;2;46;
A3171;17000;96065;116416;DebtCon;Other;14;0;0;125.67306046;2;8;34.756185805
A3174;17000;170636;188899;DebtCon;;1;4;0;67.408284966;1;13;44.751572195
A3178;17000;25638;128433;DebtCon;Other;10;0;0;367.6645206;0;9;39.106896383
A3180;17100;48471;71546;DebtCon;ProfExe;5;0;1;254.0957007;3;32;29.818743539
A3185;17100;53983;73688;DebtCon;Other;5;;;95.523512118;0;9;36.920385648
A3198;17100;117337;131575;DebtCon;;16;0;0;177.62943226;0;17;39.176432459
A3210;17200;43996;79419;DebtCon;Mgr;5;0;0;140.97340097;0;9;28.662173401
A3222;17200;90567;118761;DebtCon;Other;14;0;0;139.34017022;2;9;34.784870381
A3229;17300;40280;66319;DebtCon;;4;0;0;101.32557693;2;9;27.975935447
A3239;17300;65444;91244;DebtCon;ProfExe;8;0;0;202.04968272;0;19;21.573385223
A3246;17300;32736;49100;DebtCon;ProfExe;4;0;0;262.94843765;0;34;38.563080996
A3247;17300;57358;71617;DebtCon;Office;0;0;0;194.29333919;0;25;30.53780606
A3248;17300;51107;64135;HomeImp;Office;4;0;0;115.00219496;0;17;32.251086122
A3258;17400;11147;166496;HomeImp;Mgr;23;0;0;73.467517761;1;19;29.531664151
A3259;17400;42876;66085;DebtCon;Mgr;26;0;0;281.57815248;1;16;38.027521678
A3261;17400;54161;75500;DebtCon;Office;4;0;0;23.333333333;5;11;
A3265;17400;113890;135146;DebtCon;;16;0;0;174.10145958;1;17;37.6335491
A3269;17400;166345;202989;DebtCon;ProfExe;10;0;0;276.06634632;0;37;24.356593557
A3274;17400;79623;113658;DebtCon;Other;0;0;2;212.12914517;2;25;35.106719635
A3280;17500;76100;98500;DebtCon;Other;5;10;1;59.833333333;5;16;
A3287;17500;56647;78000;DebtCon;ProfExe;11;3;2;92.3;7;29;
A3291;17500;85183;108948;HomeImp;ProfExe;4;0;0;125.10948564;1;25;37.103025992
A3295;17500;103562;130613;DebtCon;Other;1;0;0;288.00847827;0;47;39.358357532
A3297;17500;23288;94904;DebtCon;ProfExe;8;0;0;145.12073677;0;20;29.675382217
A3298;17600;39057;50933;DebtCon;ProfExe;6;0;0;239.20163009;1;35;39.301070716
A3299;17600;53707;80407;DebtCon;Other;17;1;0;185.97822083;0;21;36.494053926
A3302;17600;62996;86817;HomeImp;ProfExe;12;0;1;152.78264779;0;14;29.203654576
A3303;17600;73354;96526;DebtCon;Other;0;0;0;147.13452582;1;18;33.052493205
A3322;17700;10847;94611;HomeImp;Other;14;0;1;271.39666705;0;22;27.283395304
A3326;17700;93302;116668;DebtCon;Other;20;0;0;283.04094598;0;16;25.225910201
A3335;17700;58016;76416;DebtCon;Office;4;0;0;28.011491753;5;10;41.463373328
A3337;17700;;55796;DebtCon;Office;1;0;0;85.183412567;2;8;40.20948611
A3338;17700;56375;90435;DebtCon;Office;0;0;0;70.225870315;0;23;36.023276773
A3349;17800;58942;91483;HomeImp;ProfExe;5;0;0;123.73667435;0;13;28.155959991
A3366;17900;97335;167384;;Other;;0;;250.48710842;;24;39.15632328
A3376;17900;110332;130756;DebtCon;Other;2;0;1;288.65558416;1;47;41.946375198
A3378;17900;;31953;HomeImp;Other;10;0;1;74.429307591;1;2;29.975603348
A3382;18000;97523;130166;DebtCon;Mgr;5;;;247.97282353;3;42;40.591687385
A3385;18000;;53365;DebtCon;Other;;;;340.46080102;;17;30.575650029
A3387;18000;88509;112933;DebtCon;ProfExe;4;0;0;150.80236935;1;21;23.200941214
A3388;18000;84824;115146;DebtCon;Other;21;0;0;293.98043579;0;16;27.097523474
A3390;18000;46865;61266;DebtCon;;5;0;0;102.59467389;2;9;26.353753375
A3391;18000;105000;172500;DebtCon;Office;6;0;0;219.16666667;4;24;
A3395;18000;124000;195000;HomeImp;ProfExe;13;0;0;202.9;0;22;
A3401;18000;12900;21500;HomeImp;Office;5;3;0;109.56666667;0;33;
A3403;18000;99401;140000;DebtCon;Other;8.9;2;0;150.1;3;20;
A3404;18000;39005;60000;DebtCon;Other;10;2;0;112.63333333;5;5;
A3409;18000;48724;72654;DebtCon;Other;7;0;0;62.088605958;0;4;31.570298921
A3414;18000;50409;78404;DebtCon;ProfExe;9;0;0;191.28207894;0;42;39.483023972
A3420;18100;144692;183630;DebtCon;Mgr;11;0;0;256.2054726;0;21;27.384116512
A3421;18100;53524;102133;HomeImp;Other;0;0;3;52.94238739;1;9;40.616797274
A3422;18100;46145;72200;DebtCon;ProfExe;11;0;0;178.19207766;0;42;40.574022482
A3433;18100;27239;39723;DebtCon;Mgr;17;0;0;111.53221405;1;16;24.449452808
A3437;18200;50250;72000;DebtCon;Mgr;10;2;0;75.066666667;3;28;
A3438;18200;93702;158647;HomeImp;ProfExe;4;0;1;96.177793274;0;16;34.709935978
A3439;18200;16386;170310;HomeImp;Mgr;23;0;0;73.007277303;2;20;29.804601445
A3444;18200;94727;136877;DebtCon;Mgr;15;0;0;168.95996818;2;26;36.056437467
A3445;18200;55406;78682;DebtCon;Other;;0;0;122.71770946;0;39;33.693831299
A3449;18200;61690;89963;HomeImp;ProfExe;15;0;2;157.40967898;0;14;27.946675965
A3450;18200;61554;94510;DebtCon;Office;2;0;0;161.35269333;0;24;23.896554711
A3457;18200;78077;105522;DebtCon;ProfExe;0;0;0;278.44302157;2;22;38.939650897
A3459;18200;39109;62371;HomeImp;Other;25;0;0;268.19826067;0;13;24.748181035
A3467;18300;63351;87645;DebtCon;Other;1;0;0;324.614647;3;15;43.90230255
A3470;18300;31427;60249;DebtCon;Other;16;0;0;110.55227739;0;18;40.00125599
A3471;18300;35975;60500;DebtCon;Office;13;0;2;118.66666667;1;22;
A3472;18300;60100;82506;DebtCon;ProfExe;10;3;1;171.46666667;2;64;
A3483;18400;88352;110216;HomeImp;Other;1;0;0;376.72364282;3;31;47.830671133
A3485;18400;63569;95729;HomeImp;ProfExe;23;0;0;237.2759487;0;23;38.41536702
A3487;18400;99902;125249;DebtCon;Office;26;0;0;294.42411801;2;16;33.488547383
A3493;18400;16756;66340;DebtCon;Office;;0;0;239.84485263;0;21;38.662629402
A3497;18400;75491;101745;DebtCon;ProfExe;0;0;0;279.37005066;1;20;38.750299661
A3503;18500;26389;85552;DebtCon;ProfExe;7;0;0;152.04065885;1;21;27.356208077
A3518;18500;90150;122767;DebtCon;ProfExe;12;;;135.57297776;;25;33.46387238
A3525;18600;58992;86816;DebtCon;;4;0;0;103.50429531;0;16;40.956598244
A3534;18600;39783;59196;DebtCon;Other;17;0;0;279.81006654;0;21;29.774806835
A3553;18700;11886;63762;DebtCon;Sales;0;0;0;315.2604995;0;5;39.675833586
A3556;18700;99003;162566;;Other;;1;;252.26379877;;23;39.209039167
A3567;18700;59929;89526;DebtCon;Office;0;0;0;64.454725278;0;22;35.087348647
A3568;18700;87958;114696;DebtCon;Other;20;0;0;301.9122949;0;17;24.415219692
A3570;18700;39821;60672;HomeImp;Other;26;0;0;243.86876302;0;14;23.35928056
A3578;18800;98582;122597;HomeImp;Mgr;1;0;0;307.52479033;1;20;39.394168925
A3580;18800;66562;90325;DebtCon;Other;0;1;1;112.90326219;2;25;33.162271481
A3581;18800;63836;87000;DebtCon;Other;8;2;1;110.56666667;2;33;
A3586;18900;127269;203737;HomeImp;ProfExe;14;0;0;206.20003676;0;21;36.272858359
A3593;18900;154563;198790;DebtCon;Other;7;0;0;;1;15;29.47261446
A3601;18900;;75252;DebtCon;;;;;;;;42.919604974
A3604;18900;69325;102438;DebtCon;Other;;2;1;222.65227491;2;13;43.524097796
A3606;18900;101289;127485;HomeImp;Mgr;0;0;0;319.25081591;0;19;42.723232206
A3607;18900;52640;113391;DebtCon;ProfExe;16;0;0;257.52379662;0;19;27.792323705
A3613;19000;7524;28639;DebtCon;Other;;0;0;60.328252745;1;18;42.358461482
A3620;19000;107199;132723;DebtCon;ProfExe;7;0;0;91.371931685;0;13;31.442611616
A3621;19000;57429;86250;DebtCon;Office;5;;;175.5;;16;
A3639;19100;51994;66467;DebtCon;Other;7;0;0;100.18188768;3;15;41.155082612
A3645;19100;58453;76731;DebtCon;Other;15;1;0;203.14107643;1;21;36.228729628
A3659;19200;57728;96552;DebtCon;Office;0;0;0;80.602363108;0;23;37.508103137
A3660;19200;24430;128837;DebtCon;Other;9;0;0;355.79841245;1;10;41.147749222
A3677;19300;146465;192854;DebtCon;ProfExe;13;;;110.64880682;1;23;29.975576027
A3695;19500;94543;127718;DebtCon;ProfExe;11;;;132.40785557;;24;30.85706709
A3698;19500;92663;152627;HomeImp;ProfExe;3;0;0;106.7126279;0;16;35.367656803
A3704;19500;47000;70000;DebtCon;Mgr;15;0;0;220.16666667;5;21;
A3730;19700;105135;147353;DebtCon;Office;11;0;2;225.69612759;0;24;43.009650533
A3735;19800;56745;83146;DebtCon;Other;11;0;0;85.253619221;0;10;7.8621936317
A3741;19800;65021;95188;DebtCon;Mgr;1;0;0;73.081337497;0;16;27.442542523
A3743;19900;90966;154351;HomeImp;ProfExe;4;0;0;103.97544215;0;17;35.405919939
A3745;19900;168732;224270;DebtCon;Office;12;0;0;217.63725461;0;32;41.549331297
A3749;19900;132878;199172;HomeImp;ProfExe;14;0;0;197.92380603;0;22;35.330603966
A3750;19900;25589;90051;DebtCon;ProfExe;8;0;0;138.99051437;0;20;30.271092445
A3752;19900;170947;222227;DebtCon;Office;13;0;0;220.0164639;1;31;42.235796358
A3767;20000;;115750;HomeImp;Other;;0;2;132.53333333;0;10;
A3768;20000;71254;109200;DebtCon;Other;10;;;;;;
A3769;20000;27900;;HomeImp;Mgr;21;;;;;;
A3775;20000;59964;100000;DebtCon;Office;8;;1;106.83333333;2;18;
A3776;20000;;90000;HomeImp;Other;8;0;0;181.7;1;16;
A3778;20000;79741;117600;DebtCon;Other;10;0;0;291.16666667;2;17;
A3779;20000;55746;105230;DebtCon;ProfExe;16;0;3;282.06666667;1;36;
A3789;20000;81800;106600;DebtCon;Mgr;24;;1;313.76666667;1;43;
A3790;20000;61843;95595;HomeImp;Office;14;0;0;135.96666667;0;14;
A3801;20000;39000;62000;DebtCon;Office;6;0;0;170.43333333;2;27;
A3806;20000;78500;109725;DebtCon;ProfExe;9.8;;1;117.66666667;2;30;
A3809;20000;122000;166100;DebtCon;ProfExe;2.6;0;2;206.96666667;1;18;
A3815;20000;116932;138072;HomeImp;Other;19;0;0;171.46666667;2;23;
A3819;20000;142500;190000;DebtCon;Mgr;0.2;2;4;313.53333333;3;18;
A3820;20000;107000;146400;DebtCon;Office;0.1;0;2;234.33333333;2;32;
A3824;20000;;78232;DebtCon;Sales;2;0;0;399.74188176;0;23;23.948854331
A3825;20000;22036;51068;DebtCon;Other;25;0;2;210.71986666;0;25;29.16004451
A3828;20000;105422;146613;HomeImp;;;;;;;;38.039855031
A3831;20000;129682;180746;;Mgr;24;;4;322.20025857;0;27;30.891171386
A3833;20100;74013;106578;HomeImp;Mgr;13;1;0;164.44581132;0;27;33.916244151
A3837;20100;;22971;DebtCon;ProfExe;5;0;0;102.72665449;1;18;18.507802639
A3840;20100;54098;88939;;;;;;;;;
A3843;20100;54257;68830;DebtCon;ProfExe;10;0;0;201.05642041;0;41;37.180181309
A3848;20100;72775;102308;DebtCon;Office;8;0;0;206.47884516;2;13;32.782971421
A3853;20200;9297;26699;DebtCon;Other;;0;0;55.705497287;2;18;41.718958392
A3856;20200;125647;166423;DebtCon;Office;1;;0;395.14876133;;51;36.132509986
A3863;20200;45088;65211;DebtCon;Office;10;0;2;118.56966954;1;22;43.454512149
A3867;20200;;68031;HomeImp;Office;6;0;0;120.59346503;1;4;18.320487992
A3877;20300;82996;118224;DebtCon;Other;11;0;0;287.61160487;1;16;34.187083047
A3884;20300;180254;220843;HomeImp;ProfExe;11;0;0;217.12816724;0;25;41.563100649
A3888;20400;173975;219297;DebtCon;Office;12;0;0;198.55724049;0;32;40.784899297
A3901;20400;83188;113181;DebtCon;Mgr;25;;0;321.56093961;1;42;37.69667921
A3907;20500;64123;103728;DebtCon;Office;8;;1;112.58226686;1;17;35.846272817
A3908;20500;25984;95541;DebtCon;Other;28;1;5;248.40487821;0;21;17.805848892
A3909;20500;37437;65004;DebtCon;Other;1;0;0;120.42671611;0;17;22.52545512
A3912;20500;;130396;HomeImp;Other;0;0;0;305.65642242;3;21;31.582252776
A3913;20500;173061;220886;DebtCon;Office;13;0;0;213.91435993;1;32;43.79573429
A3914;20500;47130;66415;DebtCon;Office;4;0;0;170.9255245;2;26;33.582415749
A3919;20500;53438;118731;DebtCon;ProfExe;14;0;0;258.52106943;0;20;26.146927186
A3922;20500;52031;64975;;Other;2.5;1;3;105.53333333;2;33;
A3924;20500;80441;100505;DebtCon;Mgr;7;0;0;87.44666334;7;23;38.495065962
A3931;20600;91180;98088;DebtCon;ProfExe;2;1;0;125.67684987;0;20;36.537400531
A3939;20600;91183;138268;DebtCon;Other;12;0;0;113.16663582;3;15;41.207855737
A3953;20700;100778;142271;HomeImp;;;;;;;;39.983095928
A3957;20700;61710;86749;DebtCon;;2;0;0;114.01183854;0;16;40.762148778
A3967;20800;77885;98188;DebtCon;Mgr;4;0;0;50.293547164;7;23;38.120404705
A3972;20800;29503;54923;DebtCon;Other;;0;0;215.48071426;0;12;38.732132169
A3979;20800;63764;97090;DebtCon;Office;1;0;0;63.248876919;0;23;34.599668975
A3981;20800;;78483;DebtCon;Sales;2;0;0;412.01487305;0;23;21.945849051
A3998;20900;69233;105434;DebtCon;Other;;2;0;242.16425716;1;13;40.163650532
A4001;20900;122807;150896;DebtCon;Other;5;0;0;123.4795377;2;13;30.424481104
A4010;21000;53572;80048;DebtCon;Mgr;9;2;0;69.906569837;2;27;34.931086497
A4017;21000;;55000;DebtCon;Other;7;;;;;;
A4024;21000;69231;95000;DebtCon;ProfExe;8;0;7;116.7;1;22;
A4027;21000;67657;100606;HomeImp;Other;5;0;0;225.28527037;1;12;31.04430422
A4045;21200;130373;204384;HomeImp;ProfExe;13;0;0;197.04446062;0;21;35.204434527
A4055;21200;70000;101250;DebtCon;Other;1;1;0;43.6;7;49;
A4057;21200;48273;71102;DebtCon;Other;7;0;0;73.303097452;2;19;34.659259929
A4069;21300;107012;159949;DebtCon;Mgr;15;0;0;166.08298277;0;26;33.355382668
A4072;21300;28463;47537;DebtCon;Other;1;;;317.3006251;;24;37.171638545
A4085;21300;103989;143796;DebtCon;Other;9;2;0;135.23283605;3;20;44.382577891
A4088;21400;96016;135783;DebtCon;Mgr;14;0;0;169.01613785;2;25;35.612024807
A4094;21400;53071;104997;DebtCon;Office;1;0;4;173.57510466;0;47;37.823173086
A4103;21400;70112;94849;DebtCon;Other;4;0;0;109.78032096;1;29;35.630504854
A4108;21500;84048;115705;DebtCon;ProfExe;10;;1;122.28979153;1;30;49.379729141
A4126;21500;35300;78810;HomeImp;Other;25;0;0;261.86666667;1;7;
A4134;21600;77139;185494;;Other;11;0;0;358.42842429;0;17;33.167431222
A4137;21600;61797;109007;DebtCon;ProfExe;14;0;2;267.88778988;0;35;26.092171525
A4140;21600;41105;65411;DebtCon;Other;25;0;0;303.23405271;3;32;35.247327711
A4154;21700;62506;96588;HomeImp;ProfExe;18;0;1;615.13337324;0;24;21.972675195
A4157;21700;29258;53807;DebtCon;Other;0;;;300.6792922;;24;35.698017435
A4162;21700;92382;168708;;Mgr;13;2;5;249.24276294;;24;29.369026403
A4167;21700;45697;68144;DebtCon;Office;5;0;0;166.87103568;1;27;36.408315428
A4173;21700;72180;93427;DebtCon;Other;2;0;0;115.52948936;1;29;33.45667038
A4178;21800;32335;49621;HomeImp;Self;3;1;;115.13020763;;10;26.926021471
A4181;21800;80092;98561;DebtCon;Mgr;5;0;0;73.317930125;7;24;37.138283972
A4194;21900;147638;193065;DebtCon;ProfExe;13;;;100.77592598;1;23;29.531444395
A4195;21900;53598;74780;DebtCon;ProfExe;10;0;1;191.55190932;1;42;40.49010197
A4196;21900;;80239;DebtCon;Sales;5;0;0;402.08681048;0;23;21.989945778
A4199;21900;91767;141897;DebtCon;ProfExe;;0;0;207.65328952;0;21;28.216739433
A4200;21900;104379;144850;HomeImp;;;;;;;;38.010733984
A4201;21900;51861;68951;DebtCon;ProfExe;10;0;0;188.97861712;0;42;38.999754155
A4215;21900;105787;142466;HomeImp;ProfExe;8;0;0;145.37717658;0;22;32.333899345
A4220;22000;;72304;HomeImp;Office;9;0;0;120.53201836;2;4;20.176213451
A4226;22000;82000;12500;DebtCon;ProfExe;3;0;0;117.76666667;6;23;
A4230;22000;124000;155000;DebtCon;Sales;1;;7;130.3;;55;
A4245;22100;57018;80673;DebtCon;Other;12;0;0;108.74925607;1;10;7.3901430597
A4246;22100;24000;49000;DebtCon;Other;14.4;0;0;109.56666667;2;25;
A4249;22100;86148;141472;DebtCon;Other;11;0;0;89.161466087;2;14;40.677297707
A4250;22100;132417;170643;DebtCon;ProfExe;4;0;0;180.03687676;0;37;21.236090456
A4258;22200;125703;162648;DebtCon;Office;3;;0;374.21148682;;51;37.584358941
A4259;22200;138121;180144;DebtCon;ProfExe;22;0;0;240.70306903;1;24;40.621894156
A4261;22200;72293;98997;DebtCon;Other;;2;1;242.21619532;2;13;42.773568409
A4263;22200;57458;102195;HomeImp;ProfExe;18;0;0;628.15806161;1;24;20.496216103
A4267;22200;9709;33926;DebtCon;Other;0;0;0;28.523782719;1;3;29.599780197
A4269;22300;65022;104766;DebtCon;Office;8;;0;117.16181532;2;18;38.348663005
A4273;22300;24622;51631;DebtCon;Other;28;0;0;316.69747461;;12;30.676434449
A4275;22300;75600;102000;DebtCon;Mgr;5;0;1;64.933333333;2;28;
A4281;22300;101738;145709;HomeImp;;;;;;;;38.719965803
A4286;22300;133995;281186;HomeImp;Mgr;2;0;0;181.15398818;0;15;28.899299611
A4287;22400;103000;132500;DebtCon;Mgr;10;2;0;187.73333333;5;18;
A4288;22400;74553;102373;DebtCon;Other;18;0;0;206.58139512;1;12;40.848022817
A4300;22400;89985;121601;HomeImp;Mgr;11;0;0;111.98242007;2;24;30.991174103
A4308;22400;91402;100845;DebtCon;ProfExe;2;1;0;132.21662181;0;20;35.682471229
A4309;22400;;139654;DebtCon;Office;10;;;;;;35.236265235
A4315;22400;83990;111096;DebtCon;Other;;0;0;175.40893633;1;25;39.972731755
A4316;22400;37726;59799;DebtCon;Other;;0;0;219.48929847;0;12;41.149041231
A4317;22400;81617;125950;DebtCon;Other;9;0;0;289.51969874;1;16;35.513658504
A4322;22500;;143254;;;;;;;;;
A4323;22500;62137;95708;DebtCon;Office;4;;;187.16614886;;16;37.460417567
A4341;22600;142117;179173;DebtCon;ProfExe;5;;;200.8339688;4;42;41.00966476
A4351;22600;31933;47669;HomeImp;Self;4;0;;133.44747901;;11;24.201086188
A4356;22600;34226;85424;DebtCon;ProfExe;9;0;0;277.8486564;0;18;38.005683199
A4361;22700;91303;98362;HomeImp;;7;;;;;;30.681015154
A4363;22700;75354;106186;DebtCon;Other;;0;0;175.33937624;1;24;38.256593617
A4364;22700;35261;54701;HomeImp;Self;3;0;;134.10826197;;11;24.52482499
A4365;22700;77356;106233;HomeImp;Mgr;14;0;0;161.64634096;0;27;35.420928075
A4367;22700;93413;134653;DebtCon;ProfExe;;0;0;219.57065379;1;21;27.284560734
A4376;22800;96495;122362;HomeImp;Mgr;8;0;0;120.9792917;2;24;29.809835155
A4380;22800;127010;171758;;Mgr;25;;5;335.61565087;0;27;32.365041562
A4382;22800;;147730;;;;;;;;;16.179249586
A4384;22800;;74988;DebtCon;Sales;2;0;0;393.51047241;0;23;24.050207993
A4385;22800;;146840;;;;;;;;;14.800087156
A4394;22900;191970;232998;DebtCon;ProfExe;3;0;0;301.13845241;0;27;36.788469564
A4395;22900;64803;92258;DebtCon;Other;3;1;0;84.925881368;2;29;33.68409323
A4397;22900;70497;103855;HomeImp;Mgr;13;0;0;149.98961042;0;27;33.76898573
A4401;22900;;81255;DebtCon;Sales;3;0;0;405.86784833;0;22;23.542129915
A4402;22900;64350;93126;DebtCon;Office;6;;;181.82604634;;16;39.391352107
A4405;22900;61067;96306;DebtCon;Other;5;0;0;228.898609;1;20;36.134959463
A4406;22900;67312;95000;HomeImp;Mgr;3.9;0;2;122.76666667;0;32;
A4407;22900;65017;88066;DebtCon;Other;3;0;0;93.552927533;1;29;32.011079376
A4414;22900;88244;103144;HomeImp;;8;;;;;;31.072693603
A4417;23000;;56390;DebtCon;Other;;0;1;314.27371253;0;19;37.74372511
A4421;23000;62893;90989;DebtCon;Office;4;;;179.84686269;;16;38.630946734
A4428;23000;48191;65080;DebtCon;Other;26;0;0;302.84988395;2;32;33.870695551
A4436;23000;32000;55000;DebtCon;Other;0.4;0;0;211.03333333;0;23;
A4439;23000;;49906;DebtCon;Other;;;;96.756969054;;13;27.441242408
A4447;23100;83458;107589;DebtCon;Mgr;24;;0;314.06637396;1;43;38.043726208
A4452;23100;64601;100170;DebtCon;Office;2;0;0;156.67537504;0;21;34.000236065
A4457;23200;112948;159050;DebtCon;Mgr;16;0;0;189.83900867;0;25;33.49396616
A4459;23200;96043;140090;DebtCon;ProfExe;21;0;0;162.64043049;0;24;39.205100427
A4462;23200;131804;171144;DebtCon;ProfExe;6;0;0;197.76872804;0;37;19.778851787
A4468;23300;143821;177028;HomeImp;Mgr;8;0;0;320.92343613;0;16;44.752958859
A4473;23300;27793;50177;DebtCon;Other;16;0;0;136.40160303;1;24;28.052921095
A4474;23300;103783;132612;DebtCon;Sales;1;0;;120.34796658;0;19;203.31214869
A4480;23400;91165;99564;HomeImp;;8;;;;;;28.978621413
A4483;23400;48549;68957;DebtCon;Office;6;0;0;172.81072664;1;27;34.456762198
A4486;23400;35634;61149;DebtCon;Other;;0;0;204.64278621;0;13;41.115158943
A4489;23400;45766;66192;DebtCon;Other;26;0;0;284.78157228;2;32;35.936794804
A4503;23500;75708;102198;DebtCon;Mgr;2;;;231.43431589;5;23;42.179786422
A4505;23500;90129;141785;DebtCon;ProfExe;23;1;0;158.99682446;0;25;40.331950332
A4506;23500;37858;60890;DebtCon;Other;2;0;0;110.05727377;0;17;19.268439553
A4507;23500;65587;87101;DebtCon;Other;3;0;0;83.238000041;2;30;32.031678369
A4508;23500;62742;111921;DebtCon;ProfExe;15;0;3;282.97601589;0;36;27.148205463
A4514;23500;147696;118200;;ProfExe;4;0;0;103.67278586;2;34;30.361711413
A4525;23600;36438;80176;DebtCon;ProfExe;10;0;0;289.70153888;0;19;39.929954554
A4526;23600;57327;105411;DebtCon;ProfExe;14;0;3;276.18236267;0;35;29.283032502
A4532;23600;82407;106431;DebtCon;Other;;0;0;169.80527106;0;24;39.488844436
A4537;23700;57553;101656;HomeImp;ProfExe;19;0;0;648.32849259;0;23;22.84647896
A4541;23700;144373;180927;DebtCon;ProfExe;5;;;175.81537537;5;43;40.315790028
A4546;23700;76000;106000;DebtCon;Sales;2.6;1;0;138.96666667;2;38;
A4557;23800;188250;233800;DebtCon;ProfExe;2;0;0;307.57275263;1;27;36.690724403
A4566;23900;;63096;DebtCon;Other;;0;0;313.80972585;0;19;37.513324048
A4567;23900;21549;49842;DebtCon;Other;25;0;0;300.29631253;;12;30.203989283
A4601;24100;57041;92081;DebtCon;Other;7;0;0;230.05972968;0;19;35.896708642
A4602;24100;77435;113000;DebtCon;ProfExe;10;0;1;124.76666667;0;19;
A4606;24100;80005;102098;DebtCon;Other;18;1;0;196.25310409;1;12;39.758932499
A4612;24200;45902;70212;DebtCon;Other;25;0;0;303.76246947;3;32;35.223861623
A4615;24200;242111;266670;HomeImp;Self;6;1;0;243.00312872;3;51;36.575387744
A4619;24200;39808;;DebtCon;Self;3;1;0;184.72511268;0;16;51.630380591
A4622;24200;63229;89394;DebtCon;Other;15;0;0;84.668791549;0;16;35.604886706
A4625;24200;104005;158224;DebtCon;Mgr;14;0;0;175.62208285;0;25;33.992424446
A4633;24300;;144123;;;;;;;;;15.529230143
A4637;24300;;60628;DebtCon;Other;23;0;0;145.29273612;0;9;22.984818991
A4641;24400;88000;119100;HomeImp;Other;12;0;0;84.233333333;5;19;
A4647;24400;147073;182069;DebtCon;Other;2;0;0;173.71494662;0;35;37.81236793
A4649;24400;;59888;DebtCon;Other;;0;0;288.2296811;0;19;38.581332837
A4659;24400;95843;123377;DebtCon;Self;2;0;0;201.97675616;1;26;32.903468132
A4661;24500;;149489;;;;;;;;;15.443486052
A4662;24500;21470;52228;DebtCon;Other;25;0;0;124.55994931;0;11;23.888121681
A4665;24500;69615;94656;DebtCon;ProfExe;7;0;1;136.55562165;3;26;35.565296678
A4667;24500;67336;96060;DebtCon;ProfExe;8;0;1;142.34424975;3;25;35.979856239
A4668;24500;62490;97467;DebtCon;Other;14;0;0;96.972678724;1;17;34.975655027
A4673;24500;82756;122917;DebtCon;ProfExe;11;0;1;108.65014117;0;18;26.127436677
A4678;24600;71862;94704;DebtCon;Other;1;0;0;93.261713389;2;29;35.290583198
A4686;24700;111107;163926;DebtCon;Mgr;15;0;1;170.62943141;1;26;32.934291806
A4692;24700;98900;115052;DebtCon;Other;23;0;0;239.42607378;1;26;41.700530781
A4700;24800;132000;165000;DebtCon;Mgr;19;0;0;187.66666667;4;35;
A4702;24800;82670;106563;DebtCon;Mgr;8;0;0;302.98443202;2;28;30.956485836
A4704;24800;76220;102087;HomeImp;Mgr;6;0;1;126.64101955;0;32;48.569574037
A4709;24900;134427;169444;DebtCon;Other;7;1;0;202.44732613;0;19;35.349211904
A4711;24900;92168;143484;HomeImp;ProfExe;6;0;0;159.58344207;0;31;34.145871345
A4718;25000;;60685;DebtCon;Other;;0;0;311.93588947;0;19;39.421713903
A4722;25000;;62619;DebtCon;Other;26;0;0;112.96748332;0;8;21.263805377
A4731;25000;145000;185000;HomeImp;Self;2;0;0;176.5;1;17;
A4754;25000;26743;57000;DebtCon;Other;2;0;0;90.6;3;19;
A4756;25000;110676;;DebtCon;Sales;8;2;0;119.36666667;0;6;
A4759;25000;82000;128325;DebtCon;Mgr;;0;1;10.133333333;;41;
A4761;25000;105750;141000;HomeImp;Office;15;1;2;305.36666667;2;14;
A4768;25000;175225;211000;DebtCon;ProfExe;13;1;2;148.13333333;4;53;
A4772;25000;68000;;DebtCon;Other;8;;1;134.76666667;3;33;
A4773;25000;191600;231000;DebtCon;Other;;;3;106.8;1;27;
A4785;25000;135501;184613;DebtCon;Mgr;0;;;119.53052541;;39;30.65881623
A4786;25000;;35000;DebtCon;Other;10;1;;88.933333333;;14;
A4790;25100;85337;104607;HomeImp;;6;;;;;;27.950475129
A4794;25100;21490;71571;DebtCon;Other;;1;1;101.92513294;1;25;30.444119256
A4796;25100;46614;69750;DebtCon;Office;17;0;0;193.25257944;1;22;33.715351649
A4803;25100;26211;42517;DebtCon;Other;28;0;0;313.33622787;;12;31.295069566
A4813;25200;94712;127247;DebtCon;Office;8;0;0;166.82201;0;30;39.025926424
A4815;25200;63258;100392;DebtCon;ProfExe;0;0;0;194.70131583;0;25;35.274460982
A4817;25200;51789;75569;DebtCon;Other;25;;1;281.9286846;1;30;40.874619093
A4819;25200;137054;207511;HomeImp;ProfExe;4;0;0;188.57465948;0;27;39.963887657
A4820;25200;;68083;DebtCon;Other;26;0;0;128.42308654;0;8;21.05500114
A4821;25200;75037;102227;DebtCon;Office;9;0;0;148.72977821;0;21;37.239696741
A4828;25300;139427;245988;HomeImp;ProfExe;28;0;0;366.11015141;1;18;36.27844415
A4831;25300;;33975;HomeImp;Other;23;0;0;79.163259538;2;14;27.179225539
A4834;25300;51261;87025;DebtCon;Mgr;4;0;0;249.83618476;2;25;31.658786411
A4845;25400;158111;209649;HomeImp;Other;10;0;0;254.33618951;1;34;43.136770157
A4849;25400;69035;108365;DebtCon;ProfExe;13;0;0;281.22191088;1;33;39.543341495
A4852;25500;135728;178942;DebtCon;Mgr;0;;;133.9564941;;38;32.425629947
A4853;25500;;31777;HomeImp;Other;23;0;0;82.293507238;3;15;28.078994114
A4858;25500;25828;44166;DebtCon;Other;;0;1;187.86251838;;17;39.427890157
A4859;25500;50847;79738;DebtCon;Other;20;0;0;204.67790067;0;26;35.860087635
A4864;25500;235839;267506;HomeImp;Self;5;0;0;240.21701392;3;51;39.048427763
A4865;25500;;121708;DebtCon;Mgr;8;1;0;151.96934115;0;27;33.159940628
A4879;25600;76383;103544;DebtCon;Mgr;0;;;222.24219828;5;24;42.93996933
A4895;25700;197425;242602;DebtCon;Other;8;0;0;102.96034553;2;26;41.277127172
A4901;25700;103598;144594;DebtCon;Mgr;19;0;0;217.94482804;0;13;41.135649383
A4903;25800;140785;208421;HomeImp;ProfExe;3;0;0;176.27148929;0;28;39.745002842
A4911;25900;201877;239546;HomeImp;Other;6;0;0;134.85324273;0;42;40.398114335
A4916;25900;108319;135884;DebtCon;Mgr;8;1;0;188.37580185;5;18;40.504855047
A4923;25900;58693;86469;DebtCon;Office;1;0;1;94.12956341;0;23;32.127562739
A4924;25900;21852;57518;HomeImp;Other;2;0;0;80.168479422;2;11;31.983686037
A4928;26000;238005;260479;HomeImp;Self;5;1;0;242.29015949;2;51;35.457658789
A4929;26000;100548;207647;DebtCon;Other;22;0;0;218.59599134;0;18;26.55949496
A4931;26000;45963;74279;DebtCon;Other;20;;0;295.6669448;1;29;37.917272876
A4945;26100;150464;203202;HomeImp;Other;10;0;0;248.48194525;1;33;43.112190673
A4946;26100;;35271;DebtCon;Other;9;0;;96.528316157;;14;23.318650008
A4951;26100;50605;77841;DebtCon;Other;21;;0;286.44820425;1;31;41.173805047
A4955;26200;75096;120859;DebtCon;Other;4;0;0;107.17711768;2;31;38.552978748
A4956;26200;77952;113285;DebtCon;Other;5;0;0;90.016091544;1;31;39.39066028
A4964;26300;87291;122531;DebtCon;ProfExe;10;0;1;128.48325812;0;18;27.837509605
A4968;26300;118304;177819;DebtCon;Sales;17;0;0;299.21725229;1;30;34.368269329
A4969;26300;25685;51023;DebtCon;Other;35;0;0;261.47087199;0;23;40.08504815
A4973;26300;;51055;DebtCon;Other;;;;70.253394593;;14;28.207435743
A4986;26400;122105;165000;DebtCon;Mgr;1;0;0;234.4;2;24;
A5001;26500;112059;179599;DebtCon;Sales;15;0;0;313.2053014;0;30;36.359104168
A5004;26500;84769;127773;DebtCon;Other;2;0;0;190.86047721;2;25;42.031639133
A5006;26500;34678;68000;DebtCon;Mgr;14;1;0;88.3;6;16;
A5012;26500;47820;76159;DebtCon;Other;24;;0;282.44500782;0;30;41.288882375
A5013;26500;;122693;DebtCon;Mgr;9;0;0;153.94242808;0;27;32.200811209
A5036;26800;145772;193135;DebtCon;ProfExe;12;0;0;147.93879535;0;36;40.904321038
A5038;26800;148471;183284;DebtCon;ProfExe;4;0;0;323.26238295;0;35;37.272271308
A5039;26800;139309;166621;DebtCon;Other;5;0;0;217.21148262;0;20;35.18585706
A5041;26800;124199;166404;DebtCon;Mgr;1;0;0;243.94209954;2;23;34.509656884
A5050;26900;69446;104590;DebtCon;ProfExe;11;0;0;287.27599243;1;32;41.499060427
A5051;26900;57414;92916;DebtCon;Office;0;0;0;70.281905709;0;22;34.396301781
A5053;26900;69000;106500;DebtCon;Sales;0.6;0;1;115.7;2;19;
A5055;26900;47882;78854;DebtCon;Other;11;0;0;132.34739209;0;19;41.130706684
A5056;26900;98324;129210;DebtCon;ProfExe;0;1;0;185.20581113;3;38;34.650649126
A5064;27000;50375;70656;DebtCon;Other;8;0;0;125.71604137;1;20;43.133844895
A5065;27000;13718;35684;DebtCon;Other;16;2;0;122.29444677;1;18;24.355759583
A5067;27000;45482;77000;DebtCon;Office;0.8;0;0;164.3;3;19;
A5072;27000;;38441;DebtCon;Other;8;1;;85.179503348;;14;23.691176013
A5075;27000;;61844;DebtCon;Other;26;0;0;133.09973693;0;8;22.71865262
A5085;27100;20497;74244;DebtCon;Other;;1;2;93.060342618;1;25;27.361339812
A5094;27200;24070;58216;DebtCon;Other;35;0;0;273.34175724;0;24;37.639947331
A5101;27300;53223;86696;DebtCon;Office;0;0;0;96.070687876;0;22;34.517790505
A5105;27300;;37531;HomeImp;Other;22;0;0;82.660269477;2;14;29.609847557
A5113;27400;;39858;DebtCon;Other;11;1;;87.379007649;;14;20.588214357
A5115;27400;195497;246354;DebtCon;Other;8;0;0;89.264427411;1;25;39.664822994
A5117;27400;23939;56874;DebtCon;Office;3;0;1;197.8;0;11;
A5124;27500;132000;179000;DebtCon;ProfExe;1;1;0;226.23333333;2;19;
A5134;27600;60039;86166;DebtCon;Office;0;0;0;100.94932169;0;23;33.820934036
A5139;27600;64818;91915;DebtCon;Other;16;0;0;99.604607809;0;17;32.461144333
A5140;27600;153063;202542;HomeImp;Other;10;0;0;266.93895601;2;33;42.829145821
A5147;27600;112753;155166;DebtCon;ProfExe;6;0;0;124.9909552;3;26;32.088681352
A5150;27700;63962;101676;DebtCon;Other;15;0;1;138.5694126;0;30;37.384588482
A5151;27700;103249;206521;DebtCon;Other;24;0;0;196.78163285;0;19;25.688176342
A5154;27700;73148;101462;DebtCon;ProfExe;10;0;0;264.60538941;0;33;40.475793354
A5156;27700;61396;111627;;Self;20;0;0;87.002500108;0;4;84.61388869
A5163;27700;85285;116468;DebtCon;Other;9;0;0;312.80792835;0;36;35.96802437
A5170;27800;114417;150849;DebtCon;Mgr;5;0;0;285.38612641;0;24;38.581923865
A5171;27800;96332;123598;DebtCon;ProfExe;1;0;0;190.3137746;2;38;33.855895472
A5179;27900;137006;207997;HomeImp;ProfExe;5;0;0;194.0931469;1;28;36.906075155
A5188;27900;90694;121543;DebtCon;Mgr;5;2;1;107.04625061;8;15;0.8381175254
A5195;28000;68000;106000;HomeImp;Other;6;;;114.7;11;21;
A5212;28200;61038;87534;DebtCon;Other;8;0;0;137.48781925;3;30;39.360018601
A5229;28300;130028;178918;DebtCon;Mgr;2;;;113.94263886;;39;33.440161627
A5244;28400;206126;238745;HomeImp;Other;9;0;0;119.0697634;1;42;41.670187737
A5248;28500;;41763;DebtCon;Other;12;1;;92.866988596;;13;21.901855997
A5255;28600;32136;51599;DebtCon;Other;35;0;0;284.08384845;0;23;39.547733785
A5267;28700;67951;106093;DebtCon;ProfExe;11;0;0;263.74392226;0;32;40.212234831
A5270;28800;204455;245685;HomeImp;Other;8;0;0;123.39674713;1;42;42.345471385
A5276;28800;30357;56776;DebtCon;Other;35;0;0;294.42002143;0;22;37.537461252
A5277;28900;225000;285000;DebtCon;ProfExe;15;0;1;258.73333333;2;26;
A5284;28900;102108;147463;DebtCon;Mgr;19;0;0;205.8658949;0;13;41.654211317
A5291;29000;149900;201000;;Self;5;4;4;131.93333333;1;29;
A5293;29000;72478;113000;DebtCon;Other;1.5;0;6;114.66666667;4;12;
A5314;29800;34000;71000;DebtCon;Other;10;;;115.66666667;;24;
A5315;29900;230499;294326;DebtCon;ProfExe;15;0;1;250.49100715;2;26;27.920661771
A5316;29900;135955;182161;DebtCon;ProfExe;0;0;0;235.3710385;2;18;38.699746592
A5321;30000;77853;114746;HomeImp;Other;6;;;114.58372248;10;21;43.29474364
A5322;30000;79044;118685;DebtCon;Mgr;12;0;0;92.118875541;1;34;27.224985258
A5329;30000;;50000;HomeImp;Office;4;0;1;118.66666667;1;15;
A5333;30000;109583;153132;DebtCon;ProfExe;10;0;0;162.3840072;1;16;33.760305236
A5336;30100;24350;40356;DebtCon;Other;0;0;0;81.840250201;0;6;13.409995648
A5367;30600;78355;124426;DebtCon;Mgr;11;0;0;81.223397569;1;34;25.942577765
A5369;30600;54372;78653;DebtCon;Office;0;0;0;156.41356965;3;19;40.611094331
A5377;30800;21172;37333;DebtCon;Other;30;0;0;208.49869628;0;15;41.358171066
A5380;30900;230978;291013;DebtCon;ProfExe;12;0;1;268.39423798;1;26;26.248190692
A5386;31000;37507;71612;DebtCon;Other;10;;;112.8714443;;24;31.784456165
A5388;31000;30000;72000;DebtCon;Mgr;20;2;0;127.3;1;14;
A5398;31200;38352;80550;DebtCon;Mgr;21;1;0;116.4379076;0;14;35.38186329
A5399;31300;33658;76624;DebtCon;Other;;;;286.69628922;0;15;40.357373902
A5402;31300;106960;144201;DebtCon;Other;15;0;0;230.41303519;0;40;42.666659574
A5404;31400;16209;62450;DebtCon;Other;1;0;0;108.38765771;1;6;38.121275069
A5406;31500;16800;;DebtCon;;12;1;2;110.63333333;4;20;
A5409;31500;16000;43040;DebtCon;Other;0;1;1;98.433333333;1;11;
A5415;31700;72809;109678;HomeImp;Other;5;;;117.47392147;10;21;41.512835893
A5418;31800;34302;77481;DebtCon;Other;10;;;123.46882703;;24;33.634689054
A5419;31800;126316;180750;DebtCon;Mgr;14;0;0;167.85725585;2;28;42.633437183
A5421;31800;71553;111237;HomeImp;Other;6;;;114.12378455;10;20;41.456707983
A5422;31800;125864;175163;DebtCon;Mgr;12;0;0;174.20934404;2;28;40.584811501
A5425;31800;195134;299299;DebtCon;Other;29;0;0;161.88512635;0;22;38.637023919
A5436;32000;92400;215000;;Self;2.5;1;3;165.33333333;1;40;
A5443;32200;108871;151667;DebtCon;Other;11;0;0;227.41543842;0;40;40.183098571
A5447;32300;167000;221100;DebtCon;Mgr;4;0;0;185.7;3;21;
A5449;32300;28213;40515;DebtCon;Other;0;0;0;55.044242521;0;7;15.396876659
A5450;32300;133193;174905;DebtCon;Mgr;13;0;0;177.0516476;1;28;39.475689602
A5458;32500;232057;286938;DebtCon;ProfExe;15;0;1;249.95493327;2;26;25.254771745
A5461;32600;79874;125000;DebtCon;Mgr;30;0;0;340.9;0;20;
A5464;32800;35458;78116;DebtCon;Other;9;;;126.51770522;;23;33.688056559
A5470;32900;49709;101222;DebtCon;Office;2;0;0;181.90982454;2;24;35.045596256
A5471;32900;9200;66056;DebtCon;Other;0;0;0;107.67343823;1;6;37.189551645
A5472;32900;37265;76154;DebtCon;Other;7;;;128.73114318;;23;34.857977062
A5474;33000;232113;46286;DebtCon;Mgr;3;0;1;214.3529578;2;50;42.512000016
A5477;33000;138000;190000;DebtCon;ProfExe;22;0;0;188.16666667;1;22;
A5479;33000;104422;152298;DebtCon;Other;15;0;0;227.67776555;0;40;42.281702395
A5488;33200;140690;195001;DebtCon;ProfExe;21;0;0;177.24755403;0;22;38.981210278
A5493;33500;73761;117729;DebtCon;Mgr;11;0;0;62.120909614;0;35;25.461614071
A5496;33500;37843;80771;DebtCon;Other;10;;;107.99711121;;23;33.96233051
A5500;33600;87451;131949;DebtCon;Mgr;30;0;0;342.46805973;0;20;40.892388427
A5505;33700;12512;42634;DebtCon;Other;28;0;0;184.13495401;0;15;42.482374223
A5511;33700;36851;78893;DebtCon;Other;;;;302.72715042;0;16;41.822159875
A5513;33900;128884;172094;DebtCon;Mgr;12;1;0;166.62473824;1;27;42.318899224
A5514;33900;13154;62208;DebtCon;Other;1;0;0;111.98065696;1;5;37.466977302
A5521;34100;241545;42189;DebtCon;Mgr;1;0;2;196.55422123;3;50;42.042706176
A5529;34400;155536;169503;DebtCon;Office;10;0;0;107.7099227;4;32;58.826929601
A5532;34600;27851;42623;DebtCon;Mgr;6;0;0;45.927166167;0;7;35.131092706
A5534;34700;81688;131993;DebtCon;Mgr;27;0;0;327.49235981;0;19;41.212640823
A5541;35000;240994;39401;DebtCon;Mgr;3;0;1;210.50181736;3;50;42.967511635
A5545;35000;197906;265000;DebtCon;ProfExe;4;0;0;246.56666667;0;32;
A5552;35300;83439;134691;DebtCon;Mgr;30;0;0;355.80603077;0;20;41.883071254
A5559;35800;207312;271738;DebtCon;ProfExe;4;0;0;228.80200737;0;32;32.681999348
A5561;36000;204292;268436;DebtCon;ProfExe;3;0;0;243.29543026;0;31;30.938977447
A5568;36100;233417;324987;HomeImp;ProfExe;4;0;0;152.24542792;0;25;21.862938911
A5569;36200;38010;59111;DebtCon;Other;;0;0;;6;0;31.332141485
A5578;36400;118040;164592;DebtCon;Other;;0;0;250.00328319;2;13;34.322285071
A5579;36400;38263;57311;DebtCon;Other;;0;0;;7;0;31.536653577
A5580;36400;86853;131508;DebtCon;Mgr;30;0;0;349.69439938;0;19;40.107031361
A5591;36800;35077;53120;DebtCon;Other;;0;0;;6;0;34.985012561
A5606;37700;141260;205493;HomeImp;ProfExe;5;0;0;148.13723935;0;31;34.302973903
A5607;37700;31687;76454;DebtCon;ProfExe;5;0;0;192.35167019;2;18;23.873408822
A5611;37900;201996;272874;DebtCon;ProfExe;3;0;0;249.8265925;0;32;31.427582447
A5619;38100;204071;270794;DebtCon;ProfExe;3;0;0;230.39857646;0;32;31.369739388
A5625;38200;92227;143087;DebtCon;Other;13;0;0;61.178335051;1;36;40.329542416
A5631;38700;33465;71449;DebtCon;ProfExe;6;0;0;172.76788802;2;17;25.312841634
A5635;38900;198749;270751;DebtCon;ProfExe;4;0;0;245.89544438;0;32;29.622368686
A5672;40300;33299;73380;DebtCon;ProfExe;4;0;0;184.53758909;1;18;24.374481112
A5676;40500;66895;113770;DebtCon;Mgr;14;0;0;188.14041683;0;22;38.085328131
A5695;41200;99653;157923;DebtCon;Other;14;;1;213.48287428;3;30;40.908479949
A5699;41400;;46000;DebtCon;Other;;6;;112.79603175;;20;
A5705;41700;59889;109250;DebtCon;Mgr;16;0;0;187.13281076;0;22;36.968814443
A5733;42800;6929;67573;HomeImp;Office;;0;0;299.38089192;0;19;14.04201152
A5735;42900;8117;66731;HomeImp;Office;;0;0;315.25481892;0;19;13.312355906
A5745;43300;18824;63487;DebtCon;Other;22;0;0;212.25488936;0;30;41.246735956
A5760;44000;;50760;DebtCon;Other;;5;;116.43703534;;19;26.070434688
A5762;44000;55604;101916;DebtCon;Other;3;0;1;194.23495289;2;37;43.338556593
A5765;44400;67272;130818;HomeImp;Other;9;0;0;112.5918505;0;12;43.680965012
A5774;45700;;50800;DebtCon;ProfExe;13;3;2;97.4;4;46;
A5775;45900;52720;115224;DebtCon;Other;;0;1;126.11651831;0;21;
A5777;46200;117227;174882;DebtCon;Self;12;0;0;195.64118682;0;5;40.621619276
A5779;46300;120636;178823;DebtCon;Self;11;0;0;188.0436192;0;3;40.915141271
A5780;46700;;81114;HomeImp;Office;10;0;0;295.73439152;0;12;33.415153004
A5782;47000;192677;268000;DebtCon;Mgr;15;0;0;165.1;2;20;
A5790;47500;;76836;HomeImp;Office;11;0;0;290.6493233;0;13;34.146892704
A5803;49300;40724;102546;HomeImp;Self;6;0;0;211.44931383;1;36;39.037679093
A5820;50000;167000;245000;HomeImp;Self;22;1;7;267.9;2;24;
A5823;50000;30338;;DebtCon;Mgr;8;0;0;91.431004854;0;5;35.084000935
A5826;50100;48370;106233;HomeImp;Self;8;0;0;193.65090514;3;36;39.935343568
A5832;50300;;88313;HomeImp;Other;;0;0;344.40977664;0;7;22.169596305
A5839;50600;178073;255435;DebtCon;ProfExe;5;0;0;238.17705457;1;33;37.501489447
A5840;50700;;83365;HomeImp;Self;9;0;0;190.22925104;0;21;25.655976854
A5844;50800;;91305;HomeImp;Other;;0;0;344.95417824;0;7;23.519128515
A5852;51300;;85255;HomeImp;Self;10;0;0;166.72793489;0;22;26.572625015
A5856;51600;38900;63292;DebtCon;Office;6;1;;182.52089639;1;15;32.823120645
A5860;51800;174945;251643;DebtCon;ProfExe;5;0;0;257.80792887;1;33;40.174064762
A5863;52200;;90240;HomeImp;Other;;0;0;341.82881167;0;7;24.016671085
A5870;52800;53532;68305;DebtCon;Office;11;0;0;91.133225314;1;25;40.669686821
A5878;53600;208197;297280;DebtCon;ProfExe;4;1;1;160.48525117;2;29;41.646731499
A5882;53700;24158;82627;HomeImp;Other;2;2;0;250.66654255;6;14;43.268375449
A5901;61400;46126;83800;;Other;33;0;1;339.9;1;23;
A5905;63300;202000;281000;DebtCon;ProfExe;2;0;0;99.433333333;2;21;
A5909;65100;67389;142740;HomeImp;Office;9;0;1;116.90610408;0;11;43.368718125
A5910;65200;71151;143960;HomeImp;Office;10;0;0;128.78051428;0;12;43.191163412
A5911;65200;63338;148871;HomeImp;Office;11;0;0;124.24307678;0;12;41.444010777
A5928;70500;196690;288512;DebtCon;Self;9;0;0;227.02713568;2;24;29.582300922
A5941;79900;18363;109675;HomeImp;;27;0;1;132.76672403;0;13;31.642335073
A5944;81200;18834;108355;HomeImp;;28;0;0;139.136329;0;14;34.042153174
A5946;81400;21041;111304;HomeImp;;26;0;0;146.32278288;0;14;32.131373125
A5947;82200;16097;111287;HomeImp;;26;0;0;142.1199793;0;14;31.743472096
A5957;89000;54576;92937;DebtCon;Other;16;0;0;208.69206982;0;15;35.859970681
A5960;89900;48811;88934;DebtCon;Other;15;0;0;219.60100218;0;16;34.571519125
